Workbook
Name Liste_Familles_COSWIN: 'Ne pas modifier'!$E$1:$E$805

Sheet Synthèse contrôle IA
A1: CONTROLE COSWIN — REPRISE DU 07/10/2026
A2: Indicateur | B2: Classe A | C2: Classe B | D2: Total | E2: Définition / périmètre | G2: Paramètre | H2: Valeur | I2: Unité et source
A3: Articles présents | B3: =COUNTIF('Classe A - Article spécifique'!D3:D517,"<>") -> 515 | C3: =COUNTIF('Classe B - Article générique'!D3:D48,"<>") -> 46 | D3: =SUM(B3:C3) -> 561 | E3: Référence originale renseignée ; emplacements préremplis sans référence exclus. | G3: Champs confirmés indépendants | H3: 4 | I3: nombre — cahier de contrôle
A4: Articles déjà codés — exclus | B4: =COUNTIFS('Classe A - Article spécifique'!D3:D517,"<>",'Classe A - Article spécifique'!R3:R517,"<>") -> 409 | C4: =COUNTIFS('Classe B - Article générique'!D3:D48,"<>",'Classe B - Article générique'!R3:R48,"<>") -> 29 | D4: =SUM(B4:C4) -> 438 | E4: Code Article non vide, y compris OBSOLETE ; aucun enrichissement ni recherche. | G4: Limite désignation | H4: 100 | I4: caractères — cahier de contrôle
A5: Articles contrôlés | B5: =COUNTIFS('Classe A - Article spécifique'!D3:D517,"<>",'Classe A - Article spécifique'!R3:R517,"") -> 106 | C5: =COUNTIFS('Classe B - Article générique'!D3:D48,"<>",'Classe B - Article générique'!R3:R48,"") -> 17 | D5: =SUM(B5:C5) -> 123 | E5: Référence renseignée et Code Article vide ; contrôle depuis zéro. | G5: Limite machine | H5: 20 | I5: caractères — cahier de contrôle
A6: Références constructeur confirmées | B6: =COUNTIFS('Classe A - Article spécifique'!R3:R517,"",'Classe A - Article spécifique'!D3:D517,"<>",'Classe A - Article spécifique'!W3:W517,"<>") -> 25 | C6: =COUNTIFS('Classe B - Article générique'!R3:R48,"",'Classe B - Article générique'!D3:D48,"<>",'Classe B - Article générique'!U3:U48,"<>") -> 7 | D6: =SUM(B6:C6) -> 32 | E6: Champ confirmé non vide ; existence du type peut être confirmée sans valider toutes ses options. | G6: Seuil dominante | H6: 0.3 | I6: % — cahier de contrôle
A7: Marques confirmées | B7: =COUNTIFS('Classe A - Article spécifique'!R3:R517,"",'Classe A - Article spécifique'!D3:D517,"<>",'Classe A - Article spécifique'!X3:X517,"<>") -> 22 | C7: =COUNTIFS('Classe B - Article générique'!R3:R48,"",'Classe B - Article générique'!D3:D48,"<>",'Classe B - Article générique'!V3:V48,"<>") -> 8 | D7: =SUM(B7:C7) -> 30 | E7: Fabricant de la référence prouvé ; identité de société ou série seule ne remplit pas ce champ. | G7: Date contrôle | H7: 46302 | I7: date — demande de cette exécution
A8: Référence ET marque confirmées | B8: =COUNTIFS('Classe A - Article spécifique'!R3:R517,"",'Classe A - Article spécifique'!D3:D517,"<>",'Classe A - Article spécifique'!W3:W517,"<>",'Classe A - Article spécifique'!X3:X517,"<>") -> 21 | C8: =COUNTIFS('Classe B - Article générique'!R3:R48,"",'Classe B - Article générique'!D3:D48,"<>",'Classe B - Article générique'!U3:U48,"<>",'Classe B - Article générique'!V3:V48,"<>") -> 7 | D8: =SUM(B8:C8) -> 28 | E8: Deux champs confirmés simultanément ; seuls les articles non codés.
A9: Fournisseurs saisis confirmés | B9: =COUNTIFS('Classe A - Article spécifique'!R3:R517,"",'Classe A - Article spécifique'!D3:D517,"<>",'Classe A - Article spécifique'!Y3:Y517,"<>") -> 96 | C9: =COUNTIFS('Classe B - Article générique'!R3:R48,"",'Classe B - Article générique'!D3:D48,"<>",'Classe B - Article générique'!W3:W48,"<>") -> 17 | D9: =SUM(B9:C9) -> 113 | E9: Identité du fournisseur saisi vérifiée, sans substitution par un autre vendeur.
A10: Références fournisseur confirmées | B10: =COUNTIFS('Classe A - Article spécifique'!R3:R517,"",'Classe A - Article spécifique'!D3:D517,"<>",'Classe A - Article spécifique'!Z3:Z517,"<>") -> 8 | C10: =COUNTIFS('Classe B - Article générique'!R3:R48,"",'Classe B - Article générique'!D3:D48,"<>",'Classe B - Article générique'!X3:X48,"<>") -> 8 | D10: =SUM(B10:C10) -> 16 | E10: Code effectivement documenté chez le fournisseur saisi.
A11: Valeurs non confirmées — 4 champs | B11: =B5*$H$3-SUM(B6:B7,B9:B10) -> 273 | C11: =C5*$H$3-SUM(C6:C7,C9:C10) -> 28 | D11: =SUM(B11:C11) -> 301 | E11: Cellules vides parmi référence constructeur, marque, fournisseur, référence fournisseur, sur contrôlés uniquement.
A12: Articles avec au moins 1 champ non confirmé | B12: =B5-COUNTIFS('Classe A - Article spécifique'!R3:R517,"",'Classe A - Article spécifique'!D3:D517,"<>",'Classe A - Article spécifique'!W3:W517,"<>",'Classe A - Article spécifique'!X3:X517,"<>",'Classe A - Article spécifique'!Y3:Y517,"<>",'Classe A - Article spécifique'!Z3:Z517,"<>") -> 101 | C12: =C5-COUNTIFS('Classe B - Article générique'!R3:R48,"",'Classe B - Article générique'!D3:D48,"<>",'Classe B - Article générique'!U3:U48,"<>",'Classe B - Article générique'!V3:V48,"<>",'Classe B - Article générique'!W3:W48,"<>",'Classe B - Article générique'!X3:X48,"<>") -> 11 | D12: =SUM(B12:C12) -> 112 | E12: Articles contrôlés moins articles possédant les 4 champs confirmés.
A13: Pièces explicitement sur plan | B13: =COUNTIF('Classe A - Article spécifique'!AP3:AP517,"Non applicable") -> 1 | C13: =COUNTIF('Classe B - Article générique'!AN3:AN48,"Non applicable") -> 0 | D13: =SUM(B13:C13) -> 1 | E13: Indice Non applicable ; le plan fait foi, absence catalogue normale.
A14: Articles avec au moins 1 photo | B14: {=SUMPRODUCT(--('Classe A - Article spécifique'!R3:R517=""),--((('Classe A - Article spécifique'!AI3:AI517<>"")+('Classe A - Article spécifique'!AJ3:AJ517<>"")+('Classe A - Article spécifique'!AK3:AK517<>""))>0))} -> 0 | C14: {=SUMPRODUCT(--('Classe B - Article générique'!R3:R48=""),--((('Classe B - Article générique'!AG3:AG48<>"")+('Classe B - Article générique'!AH3:AH48<>"")+('Classe B - Article générique'!AI3:AI48<>""))>0))} -> 0 | D14: =SUM(B14:C14) -> 0 | E14: Au moins une vraie image admissible dans les trois colonnes photo.
A15: TOTAL PHOTOS | B15: =COUNTIFS('Classe A - Article spécifique'!R3:R517,"",'Classe A - Article spécifique'!AI3:AI517,"http*")+COUNTIFS('Classe A - Article spécifique'!R3:R517,"",'Classe A - Article spécifique'!AJ3:AJ517,"http*")+COUNTIFS('Classe A - Article spécifique'!R3:R517,"",'Classe A - Article spécifique'!AK3:AK517,"http*") -> 0 | C15: =COUNTIFS('Classe B - Article générique'!R3:R48,"",'Classe B - Article générique'!AG3:AG48,"http*")+COUNTIFS('Classe B - Article générique'!R3:R48,"",'Classe B - Article générique'!AH3:AH48,"http*")+COUNTIFS('Classe B - Article générique'!R3:R48,"",'Classe B - Article générique'!AI3:AI48,"http*") -> 0 | D15: =SUM(B15:C15) -> 0 | E15: Nombre de liens image dans Photo produit 1/2/3 seulement ; fiches et pages exclus.
A16: Articles avec code(s) de base candidat(s) | B16: =COUNTIFS('Classe A - Article spécifique'!R3:R517,"",'Classe A - Article spécifique'!D3:D517,"<>",'Classe A - Article spécifique'!AH3:AH517,"<>") -> 6 | C16: =COUNTIFS('Classe B - Article générique'!R3:R48,"",'Classe B - Article générique'!D3:D48,"<>",'Classe B - Article générique'!AF3:AF48,"<>") -> 0 | D16: =SUM(B16:C16) -> 6 | E16: Correspondances normalisées, dédoublonnées par code ; pas un doublon certain par défaut.
A17: Codes distincts de base par demande | B17: =SUMIFS('Points à valider'!K3:K125,'Points à valider'!B3:B125,"Classe A - Article spécifique") -> 8 | C17: =SUMIFS('Points à valider'!K3:K125,'Points à valider'!B3:B125,"Classe B - Article générique") -> 0 | D17: =SUM(B17:C17) -> 8 | E17: Somme du nombre de codes distincts pour chaque demande ; aucune répétition fournisseur comptée.
A18: Doublons base à confirmer | B18: =COUNTIFS('Points à valider'!B3:B125,"Classe A - Article spécifique",'Points à valider'!L3:L125,"DOUBLON BASE A CONFIRMER") -> 4 | C18: =COUNTIFS('Points à valider'!B3:B125,"Classe B - Article générique",'Points à valider'!L3:L125,"DOUBLON BASE A CONFIRMER") -> 0 | D18: =SUM(B18:C18) -> 4 | E18: Référence/contexte compatibles ; validation du code existant nécessaire.
A19: Candidats ambigus base | B19: =COUNTIFS('Points à valider'!B3:B125,"Classe A - Article spécifique",'Points à valider'!L3:L125,"CANDIDAT AMBIGU BASE") -> 2 | C19: =COUNTIFS('Points à valider'!B3:B125,"Classe B - Article générique",'Points à valider'!L3:L125,"CANDIDAT AMBIGU BASE") -> 0 | D19: =SUM(B19:C19) -> 2 | E19: Dentures/dimensions ou variante non résolues ; ne pas fusionner automatiquement.
A20: Groupes de doublons internes potentiels | B20: =SUMIFS('Points à valider'!N3:N125,'Points à valider'!B3:B125,"Classe A - Article spécifique") -> 1 | C20: =SUMIFS('Points à valider'!N3:N125,'Points à valider'!B3:B125,"Classe B - Article générique") -> 1 | D20: =SUM(B20:C20) -> 2 | E20: Groupes croisant les deux classes. Les contributions A/B sont fractionnaires ; total = groupes distincts.
A21: Lignes dans un groupe interne potentiel | B21: =COUNTIFS('Points à valider'!B3:B125,"Classe A - Article spécifique",'Points à valider'!M3:M125,"<>") -> 2 | C21: =COUNTIFS('Points à valider'!B3:B125,"Classe B - Article générique",'Points à valider'!M3:M125,"<>") -> 2 | D21: =SUM(B21:C21) -> 4 | E21: Lignes non codées uniquement ; contextes conservés, pas de fusion de références.
A22: Désignations IA 1 renseignées | B22: =COUNTIFS('Classe A - Article spécifique'!R3:R517,"",'Classe A - Article spécifique'!D3:D517,"<>",'Classe A - Article spécifique'!AB3:AB517,"<>") -> 15 | C22: =COUNTIFS('Classe B - Article générique'!R3:R48,"",'Classe B - Article générique'!D3:D48,"<>",'Classe B - Article générique'!Z3:Z48,"<>") -> 6 | D22: =SUM(B22:C22) -> 21 | E22: Seulement un libellé officiel constructeur de la référence effectivement prouvée.
A23: Désignations IA 2 renseignées | B23: =COUNTIFS('Classe A - Article spécifique'!R3:R517,"",'Classe A - Article spécifique'!D3:D517,"<>",'Classe A - Article spécifique'!AD3:AD517,"<>") -> 106 | C23: =COUNTIFS('Classe B - Article générique'!R3:R48,"",'Classe B - Article générique'!D3:D48,"<>",'Classe B - Article générique'!AB3:AB48,"<>") -> 17 | D23: =SUM(B23:C23) -> 123 | E23: Termes sourcés/base contextualisée, ou proposition transparente ARTICLE A IDENTIFIER.
A24: Désignations algorithme renseignées | B24: =COUNTIFS('Classe A - Article spécifique'!R3:R517,"",'Classe A - Article spécifique'!D3:D517,"<>",'Classe A - Article spécifique'!AF3:AF517,"<>") -> 106 | C24: =COUNTIFS('Classe B - Article générique'!R3:R48,"",'Classe B - Article générique'!D3:D48,"<>",'Classe B - Article générique'!AD3:AD48,"<>") -> 17 | D24: =SUM(B24:C24) -> 123 | E24: Saisie d origine uniquement ; pas une validation fabricant.
A25: Écarts de contenu original observés | B25: ='Notes et sources'!B63 -> 0 | C25: ='Notes et sources'!B64 -> 0 | D25: =SUM(B25:C25,'Notes et sources'!B62) -> 0 | E25: Comparaison intégrale des cellules/formules originales et du référentiel ; conversions de type séparées.
A26: Conversions de type des identifiants | B26: ='Notes et sources'!B66 -> 165 | C26: ='Notes et sources'!B67 -> 10 | D26: =SUM(B26:C26) -> 175 | E26: Passage numérique/date -> TEXTE dans les trois colonnes originales ; aucune correction de contenu.
A27: Erreurs dans les nouvelles colonnes | B27: {=SUMPRODUCT(--ISERROR('Classe A - Article spécifique'!W3:AU517))} -> 0 | C27: {=SUMPRODUCT(--ISERROR('Classe B - Article générique'!U3:AS48))} -> 0 | D27: =SUM(B27:C27) -> 0 | E27: Contrôle de tous les résultats des colonnes ajoutées, sans masquer les erreurs.
A28: Erreur d origine connue préservée | B28: =COUNTIF('Classe A - Article spécifique'!F3:G1100,"#REF!") -> 0 | C28: =IF(ISERROR('Classe B - Article générique'!F91),1,0) -> 1 | D28: =SUM(B28:C28) -> 1 | E28: F91 vérifiée en erreur dans la Classe B ; audit intégral des autres résultats originaux sans autre erreur. G48 calculée 0 est signalée séparément.
A29: Élevé | B29: =COUNTIF('Classe A - Article spécifique'!AP3:AP517,"Élevé") -> 14 | C29: =COUNTIF('Classe B - Article générique'!AN3:AN48,"Élevé") -> 6 | D29: =SUM(B29:C29) -> 20 | E29: Référence constructeur exacte et caractéristiques concordantes.
A30: Moyen | B30: =COUNTIF('Classe A - Article spécifique'!AP3:AP517,"Moyen") -> 11 | C30: =COUNTIF('Classe B - Article générique'!AN3:AN48,"Moyen") -> 3 | D30: =SUM(B30:C30) -> 14 | E30: Preuve distributeur/devis ou petit écart ; portée expliquée.
A31: Faible | B31: =COUNTIF('Classe A - Article spécifique'!AP3:AP517,"Faible") -> 80 | C31: =COUNTIF('Classe B - Article générique'!AN3:AN48,"Faible") -> 8 | D31: =SUM(B31:C31) -> 88 | E31: Preuve insuffisante, configuration non confirmée ou contradiction.
A32: Non applicable | B32: =COUNTIF('Classe A - Article spécifique'!AP3:AP517,"Non applicable") -> 1 | C32: =COUNTIF('Classe B - Article générique'!AN3:AN48,"Non applicable") -> 0 | D32: =SUM(B32:C32) -> 1 | E32: Plan explicitement demandé ; pas de référence catalogue attendue.
A35: Lecture et décisions
A36: Exclusion | E36: Les propositions ne modifient aucune saisie originale. Les 438 lignes déjà codées n ont que leur statut d exclusion dans les ajouts.
A37: Confirmations | E37: Les identités de fournisseurs peuvent être vérifiées même si la référence fournisseur reste inconnue ; les quatre confirmations sont indépendantes.
A38: Désignations | E38: IA 1 = constructeur officiel exact ; IA 2 = termes vérifiés ou identification transparente ; algorithme = saisie seulement, sans validation technique.
A39: Traçabilité | E39: Points à valider et Sources vérifiées portent les localisations actuelles. 50 liens d origine conservés : 45 cliquables, 4 URLs longues sans cible courte reçue et 1 pièce jointe à accès refusé, conservées en texte.
A40: Photos / limites | E40: Limites : aucune photo admissible obtenue ; absence normale pour plan, pièces propriétaires et confections. Recherche d images dédiée indisponible dans l organisation.
A41: Erreurs source | E41: Erreurs originales préservées : Classe B F91 =LEN(#REF!) ; G48 =UPPER(F48), avec F48 =LEN(G48), désignation calculée 0 inexploitable.
A42: Fidélité de copie | E42: Fidélité de copie : valeurs, formules, dates, listes et styles utiles reproduits. Anciens formats conditionnels à formules non reproductibles ; nuances/bordures complexes non garanties à l identique.
A43: Livraison | E43: Aucun message ni e-mail. Le dépôt du classeur final est la seule livraison.

Sheet Classe A - Article spécifique
A1: Version du 31/08/2026​ | B1: A remplir par le demandeur | C1: A remplir par le demandeur | D1: A remplir par le demandeur | E1: A remplir par le demandeur | F1: Ne pas modifier | G1: A remplir par le demandeur | H1: A remplir par le demandeur (menu déroulant) | I1: A remplir par le demandeur | J1: A remplir par le demandeur | K1: A remplir par le demandeur | L1: A remplir par le demandeur | M1: A remplir par le demandeur | N1: A remplir par le demandeur | O1: A remplir par le demandeur | P1: A remplir par le demandeur (menu déroulant) | Q1: A remplir par le demandeur | R1: A remplir par la Cellule Référentielle | S1: A remplir par la Cellule Référentielle | T1: A remplir par la Cellule Référentielle | U1: A remplir par la Cellule Référentielle | V1: A remplir par le demandeur | W1: Ajouté par le contrôle automatique — les colonnes d'origine ne sont jamais modifiées
A2: Classe Article | B2: Demandeur | C2: Date Demande | D2: Référence Fabricant / Générique | E2: Marque | F2: Check long. Désign. | G2: Désignation | H2: Famille | I2: Spécifique pour machine | J2: Unité Stock | K2: Unité Commande | L2: Certificat d'alimentarité? | M2: Fournisseur (nom) | N2: Fournisseur (code) | O2: Référence Fournisseur | P2: Site | Q2: Remarques demandeur | R2: Code Article | S2: Date de création | T2: Remarque Cellule Référentielle | U2: BPC | V2: Remarque complémentaire demandeur | W2: Référence constructeur confirmée | X2: Marque confirmée | Y2: Fournisseur confirmé | Z2: Référence fournisseur confirmée | AA2: Statut réf. / marque | AB2: Désignation IA 1 (constructeur) | AC2: Justification IA 1 | AD2: Désignation IA 2 (variante base article) | AE2: Justification IA 2 | AF2: Désignation algorithme | AG2: Justification algorithme | AH2: Article déjà existant (base) | AI2: Photo produit 1 (lien) | AJ2: Photo produit 2 (lien) | AK2: Photo produit 3 (lien) | AL2: Niveau photo | AM2: Fiche technique (lien) | AN2: Page constructeur (lien) | AO2: Page distributeur (lien) | AP2: Indice de confiance | AQ2: Justification du contrôle | AR2: Famille corrigée | AS2: Contrôle famille | AT2: Spécifique machine corrigé | AU2: Contrôle machine
A3: A | B3: Simon DROULERS | C3: 46266 | D3: 1C486160 | E3: DONALDSON | F3: =LEN(G3) -> 34 | G3: ELEMENT DE FILTRATION MODELE S0600 | H3: 110101 AIR / VIDE : FILTRES | J3: EA | K3: EA | L3: NON | M3: ULTRAFILTER DONALDSON VIGNY FR 95 | N3: 14922 | P3: ESTREES | R3: 086943 | S3: 46275 | U3: TRUE | AA3: DEJA CREE - article code 086943, ligne non retraitee.
A4: A | B4: Dany BACOT | C4: 46266 | D4: DO-21414-5-01 | E4: ET PACK | F4: =LEN(G4) -> 67 | G4: CHAINE A TAQUET MONTAGE AVANT TRANSPORT DE WRAP ETC20 DO-21414-5-01 | H4: 200000 ARTICLES SPECIFIQUES | I4: ENCAISSEUSE B4 | J4: EA | K4: EA | L4: NON | M4: ET PACK | N4: 6914 | O4: DO-21414-5-01 | P4: ESTREES | Q4: Pièces détachées_20170309 | R4: 086937 | S4: 46274 | T4: La désignation est issue de quel document. J'ai besoin de la doc du constructeur / Liste nomenclature complete de la machine. / Famille constructeur ET PACK ? PAS D'ACCES AUX PJ - | U4: FALSE | V4: LA MACHINE POSSEDE DEUX LOT DE CHAINE A TAQUET AVANT ET ARRIERE DONT UN LOT EST DEJA CODIFIER 086470 ET 086590 VOIR CI-DESSOUS JEANNINE EST AU COURANT VOIR CD30425043 ET LA FAMILLE ET PACK N'A JAMAIS EXISTER ( J'AI VALIDER LES ACCES PIECES JOINTE LE02/09/2026) | AA4: DEJA CREE - article code 086937, ligne non retraitee.
A5: A | B5: Dany BACOT | C5: 46266 | D5: D0-21418-5-01 | E5: ET PACK | F5: =LEN(G5) -> 69 | G5: CHAINE A TAQUET MONTAGE ARRIERE TRANSPORT DE WRAP ETC20 D0-21418-5-01 | H5: 200000 ARTICLES SPECIFIQUES | I5: ENCAISSEUSE B4 | J5: EA | K5: EA | L5: NON | M5: ET PACK | N5: 6914 | O5: D0-21418-5-01 | P5: ESTREES | Q5: Pièces détachées_20170309 | R5: 086938 | S5: 46274 | T5: La désignation est issue de quel document. J'ai besoin de la doc du constructeur / Liste nomenclature complete de la machine. / Famille constructeur ET PACK ? PAS D'ACCES AUX PJ | U5: FALSE | AA5: DEJA CREE - article code 086938, ligne non retraitee.
A6: A | B6: Vincent DARTHOS | C6: 46266 | D6: A&K 0030B | E6: A&K | F6: =LEN(G6) -> 26 | G6: HEX NUT 3/4'-16UNF JAM NUT | H6: 200500 A&K | I6: Effeuilleuse A&K | J6: EA | K6: EA | L6: NON | M6: FEMIA | N6: 597400 | P6: BORDERES | R6: 086881 | S6: 46268 | U6: TRUE | V6: Merci ! | AA6: DEJA CREE - article code 086881, ligne non retraitee.
A7: A | B7: Simon DROULERS | C7: 46266 | D7: 2TLA020051R5401 | E7: ABB | F7: =LEN(G7) -> 78 | G7: CAPTEUR DE SECURITE MAGNETIQUE ADAM SIGNAUX OSSD 24 VDC CONNECTEUR M12 SN 15MM | J7: EA | K7: EA | L7: NON | M7: SONEPAR FRANCE DISTRIBUTION-SFD NORD | N7: 151146 | P7: ESTREES | Q7: Il manque la famille des detecteurs de sécurité | R7: 086856 | T7: Doublon avec l'article 086856 (CAPTEUR DE SECURITE SANS CONTACT ADAM C OSSD INFO M12-5 24VDC). Demande non creee. | U7: FALSE | V7: Normal j'ai notifier une demande d'augmentation de stock dans le dossier | AA7: DEJA CREE - article code 086856, ligne non retraitee.
A8: A | B8: Simon DROULERS | C8: 01/09/2026 | D8: 2TLA020046R0801 | E8: ABB | F8: =LEN(G8) -> 78 | G8: RECEPTEUR ACTIONNEUR MAGNETIQUE DE SECURITE EVA CODE POUR CAPTEUR ADAM SN 15MM | J8: EA | K8: EA | L8: NON | M8: SONEPAR FRANCE DISTRIBUTION-SFD NORD | N8: 151146 | P8: ESTREES | Q8: Il manque la famille des detecteurs de sécurité | R8: 082107 | T8: Doublon avec l'article 082107 (CONTACT DE SECURITE PORTE EVA C GENERAL CODE). Demande non creee. | U8: FALSE | V8: Normal j'ai notifier une demande d'augmentation de stock dans le dossier | AA8: DEJA CREE - article code 082107, ligne non retraitee.
A9: A | B9: Simon DROULERS | C9: 01/09/2026 | D9: WI 421/16/45.31 | E9: Reovib | F9: =LEN(G9) -> 53 | G9: VIBRATEUR ELECTROMAGNETIQUE 660W 200V 3,3A 3000tr/min | H9: 150501 MOTEURS : MOTEURS A COURANT CONTINU | I9: Vibreur alim emboiteuse J/M | J9: EA | K9: EA | L9: NON | M9: SARL REOVARIAC EVRY FR 91 | N9: 150285 | P9: ESTREES | Q9: Image | T9: La gamme REOVIB WI 421 et la taille /16 sont confirmees sur la page constructeur officielle REO France et sur la fiche technique PDF REO, mais le suffixe de bobinage '/45.31' (variante tension/frequence) n'est reference dans aucune source publique et les valeurs electriques d'origine ne correspondent pas au tableau catalogue. | U9: FALSE | V9: La référence vient de la plaque moteur donc ça existe photo a l'appuie | Y9: REOVARIAC SARL | AA9: Série/gamme confirmée - configuration exacte non confirmée ; VALIDER - CHAMPS NON CONFIRMES | AC9: VIDE : aucun libellé officiel constructeur de la variante exacte n est confirmé. Une série, une société ou un libellé de distributeur ne remplace pas cette preuve. | AD9: AIMANT VIBRANT ELECTROMAGNETIQUE REOVIB WI421 - VARIANTE A VALIDER | AE9: Termes techniques issus exclusivement des sources vérifiées du 07/10/2026, reformulés selon l usage de la famille. Portée limitée à la série : cette proposition ne valide pas la variante ni les détails de saisie exclus des sources. Sources : REO AG — Aimant vibrant REOVIB WI421 — famille; REOVARIAC — Bienvenue sur le site de REOVARIAC | AF9: VIBRATEUR ELECTROMAGNETIQUE 660 W 200V 3,3A 3000TR/MIN | AG9: Saisie d origine uniquement, majuscules/espacement d unités et traduction usuelle sans ajout de caractéristiques. Nature source conservée sans substitution sémantique : 14 codes distincts de famille. Dominante MOTEUR : 9/14, soit 64.3% ; seuil d éligibilité 30 %, jamais une validation technique. | AL9: Aucune photo trouvée | AN9: =HYPERLINK("https://reo.fr/produit/aimant-vibrant-reovib-wi-421/","https://reo.fr/produit/aimant-vibrant-reovib-wi-421/") -> https://reo.fr/produit/aimant-vibrant-reovib-wi-421/ | AP9: Faible | AQ9: REO publie l’aimant vibrant WI421/16, non le suffixe /45.31 ni les valeurs de plaque saisies, et le site REOVARIAC vérifie le fournisseur REOVARIAC SARL sans code article exact; la portée reste donc série. La marque est laissée non confirmée : les sources identifient une société ou une série, pas le fabricant de la variante demandée. Photo : Les sorties web consultées ne fournissent aucune URL complète d'image éditeur admissible rattachée à cette référence; aucune recherche d'images dédiée effectuée. | AR9: 101500 CONVOYAGE VIBRANT | AS9: VALIDER - FAMILLE PROPOSEE : Aimant vibrant électromagnétique documenté ; la famille moteur à courant continu ne convient pas. | AT9: VIBREUR EMBOIT J M | AU9: VALIDER - ABREVIATION DE LA MACHINE SAISIE ; aucun équipement nouveau proposé.
A10: A | B10: Simon DROULERS | C10: 01/09/2026 | D10: SW 41 | E10: Reovib | F10: =LEN(G10) -> 49 | G10: CAPTEUR DE VIBRATION 600mV/g 10...60 Hz CABLE 10M | I10: Vibreur alim emboiteuse J/M | J10: EA | K10: EA | L10: NON | M10: SARL REOVARIAC EVRY FR 91 | N10: 150285 | P10: ESTREES | Q10: famille detection vibration ? | R10: 086885 | S10: 46268 | U10: TRUE | AA10: DEJA CREE - article code 086885, ligne non retraitee.
A11: A | B11: Simon DROULERS | C11: 01/09/2026 | D11: 411A-DOA-DM-DDAJ-1JB | E11: MAC Valves | F11: =LEN(G11) -> 48 | G11: DISTRIBUTEUR PNEUMATIQUE 5/2 24VDC 1,5 A 8,3 BAR | H11: 140500 PNEUMATIQUE : DISTRIBUTEURS | I11: Sertisseuse zacmi | J11: EA | K11: EA | L11: NON | M11: NOYER SAFIA DEXIS VENDIN LE VIEIL FR 62 | N11: 6248 | P11: ESTREES | R11: 086918 | S11: 46273 | U11: FALSE | AA11: DEJA CREE - article code 086918, ligne non retraitee.
A12: A | B12: Simon DROULERS | C12: 01/09/2026 | D12: BI50U-Q80-VP4X2-H1141 | E12: Turck Banner | F12: =LEN(G12) -> 87 | G12: CAPTEUR INDUCTIF RECTANGULAIRE PORTEE 50MM 10...65 VDC PNP CONTACT NO/NC CONNECTEUR M12 | H12: 105935 DETECTION : DETECTEURS INDUCTIFS PARALLELEPIPEDIQUES | I12: Sertisseuse zacmi | J12: EA | K12: EA | L12: NON | M12: ELECMATIC S.A.R.L | N12: 113787 | P12: ESTREES | R12: 086886 | S12: 46268 | U12: TRUE | AA12: DEJA CREE - article code 086886, ligne non retraitee.
A13: A | B13: Simon DROULERS | C13: 01/09/2026 | D13: TT5081 | E13: IFM | F13: =LEN(G13) -> 99 | G13: CAPTEUR DE TEMPERATURE PT100 INOX SONDE CYLIND Ø10 MM LONGUEUR 560 MM PLAGE -40 À +150°C CONNEC M12 | H13: 106235 MESURE ET REGULATION : MESURE DE LA TEMPERATURE | I13: Juteuse zacmi | J13: EA | K13: EA | L13: NON | M13: IFM ELECTRONIC LE BOURGET DU LAC FR 73 | N13: 5966 | P13: ESTREES | R13: 086814 | S13: 46266 | U13: TRUE | AA13: DEJA CREE - article code 086814, ligne non retraitee.
A14: A | B14: Simon DROULERS | C14: 01/09/2026 | D14: 54630 | E14: Murrelectronik | F14: =LEN(G14) -> 100 | G14: MODULE E/S DÉPORTÉ IP67 PROFINET, 8 DI/DO DIGITALES, 8 PORTS IO-LINK MASTER, CONNECTIQUE M12, 24 VDC | H14: 105245 AUTOMATISATION : ENTREES/SORTIES DISTRIBUEES | I14: Ligne J | J14: EA | K14: EA | L14: NON | M14: ELECMATIC S.A.R.L | N14: 113787 | P14: ESTREES | R14: 086893 | S14: 46272 | U14: TRUE | AA14: DEJA CREE - article code 086893, ligne non retraitee.
A15: A | B15: Simon DROULERS | C15: 01/09/2026 | D15: 4000-Hydrobar-EXTD(1,05m) 20-G7-G20-G39-G116-G225 | E15: Klay Instruments | F15: =LEN(G15) -> 98 | G15: TRANSMETTEUR PRESSION HYDROSTATIQUE IMMERGE MESURE NIVEAU LIQUIDE 4-20MA 24VDC INOX LONGUEUR 1,05M | H15: 106230 MESURE ET REGULATION : MESURE DE LA PRESSION | I15: Juteuse zacmi | J15: EA | K15: EA | L15: NON | M15: MESA THIAIS | N15: 74628 | P15: ESTREES | R15: 086895 | S15: 46272 | U15: TRUE | V15: ne pas mettre en stock supprimer de la ligne par fabricant car mauvais fonctionnement | AA15: DEJA CREE - article code 086895, ligne non retraitee.
A16: A | B16: Simon DROULERS | C16: 01/09/2026 | D16: RMA310 | E16: IFM | F16: =LEN(G16) -> 87 | G16: CODEUR ROTATIF ABSOLU MULTITOURS MAGNETIQUE I/O LINK ARBRE CREUX Ø12MM 24VDC IP68/IP69K | H16: 106201 MESURE ET REGULATION : CODEURS | I16: ? | J16: EA | K16: EA | L16: NON | M16: IFM ELECTRONIC LE BOURGET DU LAC FR 73 | N16: 5966 | P16: ESTREES | R16: 086887 | S16: 46269 | U16: TRUE | AA16: DEJA CREE - article code 086887, ligne non retraitee.
A17: A | B17: Simon DROULERS | C17: 01/09/2026 | D17: MFS368-8A-IP20 | E17: Reovib | F17: =LEN(G17) -> 81 | G17: VARIATEUR POUR VIBRATEUR ELECTROMAGNETIQUE 110...240VAC SORTIE 0...205VAC 8A IP20 | H17: 105830 CONVERTISSEURS : VARIATEURS DE VITESSE ALTERNATIF | I17: Vibreur alim emboiteuse J/M | J17: EA | K17: EA | L17: NON | M17: SARL REOVARIAC EVRY FR 91 | N17: 150285 | P17: ESTREES | R17: 086919 | S17: 46273 | U17: FALSE | AA17: DEJA CREE - article code 086919, ligne non retraitee.
A18: A | B18: Simon DROULERS | C18: 01/09/2026 | D18: 3SK1211-1BB40 | E18: SIEMENS | F18: =LEN(G18) -> 60 | G18: MODULE D'EXTENSION RELAI DE SECURITE 24 VDC SK1 4ES SECURITE | H18: 105755 CONTACTEURS ET RELAIS : RELAIS DE SECURITE | I18: J | J18: EA | K18: EA | L18: NON | M18: SONEPAR FRANCE DISTRIBUTION-SFD NORD | N18: 151146 | P18: ESTREES | R18: 086894 | S18: 46272 | U18: TRUE | AA18: DEJA CREE - article code 086894, ligne non retraitee.
A19: A | B19: Simon DROULERS | C19: 01/09/2026 | D19: 36103 000B | E19: WOHNER | F19: =LEN(G19) -> 99 | G19: DÉMARREUR MOTEUR HYBRIDE CONTACTEUR INVERSEUR FONCTION DE SÉCURITÉ SIL3 3 PÔLES 0,18-2,4 A RAIL DIN | H19: 105805 CONVERTISSEURS : DEMARREURS PROGRESSIFS | I19: J | J19: EA | K19: EA | L19: NON | M19: ELECMATIC S.A.R.L | N19: 113787 | P19: ESTREES | R19: 086898 | S19: 46272 | U19: TRUE | AA19: DEJA CREE - article code 086898, ligne non retraitee.
A20: A | B20: Simon DROULERS | C20: 01/09/2026 | D20: 36106 000B | E20: WOHNER | F20: =LEN(G20) -> 96 | G20: DÉMARREUR MOTEUR HYBRIDE CONTACTEUR INVERSEUR FONCTION DE SÉCURITÉ SIL3 3 PÔLES 1,5–9 A RAIL DIN | H20: 105805 CONVERTISSEURS : DEMARREURS PROGRESSIFS | I20: J | J20: EA | K20: EA | L20: NON | M20: ELECMATIC S.A.R.L | N20: 113787 | P20: ESTREES | R20: 086900 | S20: 46272 | U20: FALSE | AA20: DEJA CREE - article code 086900, ligne non retraitee.
A21: A | B21: Simon DROULERS | C21: 01/09/2026 | D21: PI2799 | E21: IFM | F21: =LEN(G21) -> 100 | G21: CAPTEUR DE PRESSION AFFLEUR I/O LINK -1..1 BAR 2STOR 1S ANA TEMP -25..125° CONNECTEUR M12 RACCORD G1 | H21: 106230 MESURE ET REGULATION : MESURE DE LA PRESSION | I21: Juteuse zacmi | J21: EA | K21: EA | L21: NON | M21: IFM ELECTRONIC LE BOURGET DU LAC FR 73 | N21: 5966 | P21: ESTREES | R21: 086888 | S21: 46269 | U21: FALSE | AA21: DEJA CREE - article code 086888, ligne non retraitee.
A22: A | B22: Simon DROULERS | C22: 01/09/2026 | D22: PL20S-11311.133013.G07020010000 | E22: Baumer | F22: =LEN(G22) -> 86 | G22: CAPTEUR DE NIVEAU SEUIL CAPACITIF I/O LINK PNP CONNECTEUR M12 G1/2 10-30VDC IP67/IP69K | H22: 106240 MESURE ET REGULATION : MESURE DE NIVEAU / DISTANCE | I22: Juteuse zacmi | J22: EA | K22: EA | L22: NON | M22: ELECMATIC S.A.R.L | N22: 113787 | P22: ESTREES | R22: 086929 | S22: 46273 | U22: TRUE | AA22: DEJA CREE - article code 086929, ligne non retraitee.
A23: A | B23: Simon DROULERS | C23: 01/09/2026 | D23: GG711S | E23: IFM | F23: =LEN(G23) -> 75 | G23: DETECTEUR DE SECURITE INDUCTIF M18 2OSSD PNP 24VDC SN 1..8MM CONNECTEUR M12 | I23: J | J23: EA | K23: EA | L23: NON | M23: IFM ELECTRONIC LE BOURGET DU LAC FR 73 | N23: 5966 | P23: ESTREES | Q23: pas de famille détecteur de sécurité | R23: 086889 | S23: 46269 | U23: TRUE | AA23: DEJA CREE - article code 086889, ligne non retraitee.
A24: A | B24: Simon DROULERS | C24: 01/09/2026 | D24: VCA 2 U4 F4 R1 SH | E24: KRACHT | F24: =LEN(G24) -> 74 | G24: DEBITMETRE VOLUMETRIQUE HYDRAULIQUE A ENGRENAGES AVEC CAPTEUR IMPULSIONNEL | H24: 106220 MESURE ET REGULATION : MESURE DE DEBIT | I24: J | J24: EA | K24: EA | L24: NON | P24: ESTREES | R24: 086928 | S24: 46273 | U24: FALSE | AA24: DEJA CREE - article code 086928, ligne non retraitee.
A25: A | B25: Simon DROULERS | C25: 01/09/2026 | D25: MPS-B330P-MJ52DA | E25: Allen Bradley | F25: =LEN(G25) -> 96 | G25: MOTEUR BRUSHLESS AC 460V 5000TR/MIN COUPLE 3,6 NM ARBRE CLAVETÉ Ø24MM CODEUR ABSOLU BOÎTIER INOX | H25: 150520 MOTEURS : MOTEURS BRUSHLESS | I25: J | J25: EA | K25: EA | L25: NON | P25: ESTREES | R25: 086953 | S25: 46279 | U25: FALSE | AA25: DEJA CREE - article code 086953, ligne non retraitee.
A26: A | B26: Simon DROULERS | C26: 01/09/2026 | D26: SR085IE-TT-02-08-T0302-V107 | E26: Kübler | F26: =LEN(G26) -> 88 | G26: COLLECTEUR TOURNANT SR085 ETHERNET INDUS 2 VOIES SIGNAUX 8 VOIES PUISSANCE MIXTE 10A/25A | H26: 105505 COMPOSANTS DE CABLAGE : BORNES DE JONCTION | I26: J | J26: EA | K26: EA | L26: NON | P26: ESTREES | R26: 086954 | S26: 46279 | U26: FALSE | AA26: DEJA CREE - article code 086954, ligne non retraitee.
A27: A | B27: Simon DROULERS | C27: 01/09/2026 | D27: SR085-30-00-04-30002-V100 | E27: Kübler | F27: =LEN(G27) -> 89 | G27: COLLECTEUR TOURNANT ARBRE CREUX Ø30 MM 4 VOIES PUISSANCE 10A/400VAC IP64 VERSION STANDARD | H27: 105505 COMPOSANTS DE CABLAGE : BORNES DE JONCTION | I27: E | J27: EA | K27: EA | L27: NON | M27: ELECMATIC S.A.R.L | N27: 113787 | P27: ESTREES | R27: 086955 | S27: 46279 | U27: FALSE | AA27: DEJA CREE - article code 086955, ligne non retraitee.
A28: A | B28: Simon DROULERS | C28: 01/09/2026 | D28: LA36 120A0000F32A-611G21250ACS000 | E28: Linak | F28: =LEN(G28) -> 90 | G28: VÉRIN ÉLECTRIQUE LINÉAIRE LINAK LA36 24/36V DC ~6800N COURSE VARIABLE AVEC RETOUR POSITION | H28: 141100 PNEUMATIQUE : VERINS | I28: Blancheur J | J28: EA | K28: EA | L28: NON | M28: EAMS INDUSTRIE QUIMPER FR 29 | N28: 6906 | P28: ESTREES | R28: 086968 | S28: 46281 | U28: TRUE | AA28: DEJA CREE - article code 086968, ligne non retraitee.
A29: A | B29: Simon DROULERS | C29: 01/09/2026 | D29: 6AV2128-3QB06-0AX1 | E29: SIEMENS | F29: =LEN(G29) -> 57 | G29: PUPITRE TACTILE SIMATIC HMI MTP 1500 15,6 POUCES PROFINET | H29: 105260 AUTOMATISATION : TERMINAUX ET ECRANS | I29: Tête de ligne J | J29: EA | K29: EA | L29: NON | P29: ESTREES | R29: 086896 | S29: 46272 | U29: TRUE | AA29: DEJA CREE - article code 086896, ligne non retraitee.
A30: A | B30: Simon DROULERS | C30: 01/09/2026 | D30: OG5129 | E30: IFM | F30: =LEN(G30) -> 71 | G30: CELLULE BARRAGE PHOTOELECTRIQUE EMETTEUR PORTEE 9M CONNECTEUR M12 24VDC | H30: 105940 DETECTION : DETECTEURS PHOTOELECTRIQUES BARRAGES | I30: Deballeuse de fonds J | J30: EA | K30: EA | L30: NON | M30: IFM ELECTRONIC LE BOURGET DU LAC FR 73 | N30: 5966 | P30: ESTREES | R30: 086890 | S30: 46269 | U30: TRUE | AA30: DEJA CREE - article code 086890, ligne non retraitee.
A31: A | B31: Simon DROULERS | C31: 01/09/2026 | D31: OG5128 | E31: IFM | F31: =LEN(G31) -> 62 | G31: CELLULE BARRAGE PHOTOELECTRIQUE RECEPTEUR CONNECTEUR M12 24VDC | H31: 105940 DETECTION : DETECTEURS PHOTOELECTRIQUES BARRAGES | I31: Deballeuse de fonds J | J31: EA | K31: EA | L31: NON | M31: IFM ELECTRONIC LE BOURGET DU LAC FR 73 | N31: 5966 | P31: ESTREES | R31: 086891 | S31: 46269 | U31: TRUE | AA31: DEJA CREE - article code 086891, ligne non retraitee.
A32: A | B32: Simon DROULERS | C32: 01/09/2026 | D32: IY5048 | E32: IFM | F32: =LEN(G32) -> 70 | G32: DETECTEUR INDUCTIF FILETAGE M5 CONNECTEUR M8 NO PORTEE 1,5MM 24VDC PNP | H32: 105930 DETECTION : DETECTEURS INDUCTIFS FILETES | I32: Deballeuse de fonds J | J32: EA | K32: EA | L32: NON | M32: IFM ELECTRONIC LE BOURGET DU LAC FR 73 | N32: 5966 | P32: ESTREES | R32: OBSOLETE | S32: 46272 | U32: TRUE | AA32: DEJA CREE - article code OBSOLETE, ligne non retraitee.
A33: A | B33: Simon DROULERS | C33: 01/09/2026 | D33: XPSMCMCP0802 | E33: SCHNEIDER | F33: =LEN(G33) -> 71 | G33: MODULE DE SECURITE PREVENTA 8 ENTREES 2 SORTIES CONNECTEUR A VIS 24 VDC | H33: 105755 CONTACTEURS ET RELAIS : RELAIS DE SECURITE | I33: Deballeuse de fonds J | J33: EA | K33: EA | L33: NON | P33: ESTREES | R33: 086902 | S33: 46272 | U33: TRUE | AA33: DEJA CREE - article code 086902, ligne non retraitee.
A34: A | B34: Simon DROULERS | C34: 01/09/2026 | D34: TBL 015-124 | E34: TRACO POWER | F34: =LEN(G34) -> 73 | G34: ALIMENTATION 15W INPUT 0.38- 0.24A 100-240VAC 50/60Hz OUTPOUT 24VDC 0,63A | H34: 105801 CONVERTISSEURS : ALIMENTATIONS CONTINUES | J34: EA | K34: EA | L34: NON | M34: RS COMPONENTS BEAUVAIS FR 60 | N34: 5985 | P34: ESTREES | R34: 086956 | S34: 46279 | U34: FALSE | AA34: DEJA CREE - article code 086956, ligne non retraitee.
A35: A | B35: Simon DROULERS | C35: 01/09/2026 | D35: SR15-KT32X1-S316-LT | E35: ELECTRIX | F35: =LEN(G35) -> 74 | G35: INTERRUPTEUR SECTIONNEUR WASHDOWN PRO 32A TRIPHASE TOIT INCLINE INOX IP69K | H35: 106460 PROTECTION ET COUPURE : INTERRUPTEURS SECTIONNEURS | J35: EA | K35: EA | L35: NON | M35: ELECTRIX INTERNATIONAL CO.DURHAM GB 00 | N35: 11783 | P35: ESTREES | R35: 086957 | S35: 46279 | U35: FALSE | AA35: DEJA CREE - article code 086957, ligne non retraitee.
A36: A | B36: Simon DROULERS | C36: 01/09/2026 | D36: KT KU AUX 1NO 1NC | E36: ELECTRIX | F36: =LEN(G36) -> 61 | G36: CONTACT AUXILIAIRE INTERRUPTEUR SECTIONNEUR 1NO 1NC KU SERIES | H36: 105715 CONTACTEURS ET RELAIS : CONTACTEURS AUXILIAIRES | J36: EA | K36: EA | L36: NON | M36: ELECTRIX INTERNATIONAL CO.DURHAM GB 00 | N36: 11783 | P36: ESTREES | R36: 086958 | S36: 46279 | U36: FALSE | AA36: DEJA CREE - article code 086958, ligne non retraitee.
A37: A | B37: Simon DROULERS | C37: 01/09/2026 | D37: KM1-UCRR-D-E | E37: ASCON | F37: =LEN(G37) -> 76 | G37: REGULATEUR 48X48 ENTREE UNIV - SORT PRINC RELAIS - 1 SORTIE ALARME 24-240VAC | H37: 106255 MESURE ET REGULATION : REGULATEURS ET CONVERTISSEURS | J37: EA | K37: EA | L37: NON | M37: ELECMATIC S.A.R.L | N37: 113787 | P37: ESTREES | R37: 086193 | T37: Doublon avec l'article 086193 (REGULATEUR 48X48 ENTREE UNIV - SORT PRINC RELAIS - 1 SORTIE ALARME 24-240VAC). Demande non creee. | U37: FALSE | AA37: DEJA CREE - article code 086193, ligne non retraitee.
A38: A | B38: Simon DROULERS | C38: 01/09/2026 | D38: KM3-UCIRRD-E | E38: ASCON | F38: =LEN(G38) -> 79 | G38: REGULATEUR 48X48 ENTREE UNIV - SORT PRINC 4/20MA - 2 SORTIES ALARMES 24-240 VAC | H38: 106255 MESURE ET REGULATION : REGULATEURS ET CONVERTISSEURS | J38: EA | K38: EA | L38: NON | M38: ELECMATIC S.A.R.L | N38: 113787 | P38: ESTREES | R38: 086194 | T38: Doublon avec l'article 086194 (REGULATEUR 48X48 ENTREE UNIV - SORT PRINC 4/20MA - 2 SORTIES ALARMES 24-240 VAC). Demande non creee. | U38: FALSE | AA38: DEJA CREE - article code 086194, ligne non retraitee.
A39: A | B39: Simon DROULERS | C39: 01/09/2026 | D39: 9933-05-101 | E39: PARKER | F39: =LEN(G39) -> 49 | G39: FILTRE ADSORBANT EN LIGNE JETABLE SILICE GEL 1/4" | H39: 140700 PNEUMATIQUE : FILTRES | J39: EA | K39: EA | L39: NON | P39: ESTREES | R39: 086925 | S39: 46273 | U39: TRUE | AA39: DEJA CREE - article code 086925, ligne non retraitee.
A40: A | B40: Simon DROULERS | C40: 01/09/2026 | D40: 9900-05-BK | E40: PARKER | F40: =LEN(G40) -> 50 | G40: CARTOUCHE FILTRE EN LIGNE ADSORBANT SILICE GEL 1/4 | H40: 140700 PNEUMATIQUE : FILTRES | J40: EA | K40: EA | L40: NON | P40: ESTREES | R40: 086940 | S40: 46274 | U40: TRUE | AA40: DEJA CREE - article code 086940, ligne non retraitee.
A41: A | B41: Simon DROULERS | C41: 01/09/2026 | D41: 6SL3210-1KE11-8UF2 | E41: SIEMENS | F41: =LEN(G41) -> 82 | G41: VARIATEUR DE FREQUENCE SINAMICS G120C 0,55KW 1,7A SANS FILTRE PROFINET ETHERNET IP | H41: 105830 CONVERTISSEURS : VARIATEURS DE VITESSE ALTERNATIF | J41: EA | K41: EA | L41: NON | M41: REXEL COMME LE SUIVANT ? | P41: ESTREES | R41: 086914 | S41: 46272 | U41: TRUE | AA41: DEJA CREE - article code 086914, ligne non retraitee.
A42: A | B42: Simon DROULERS | C42: 01/09/2026 | D42: 6SL3210-1KE13-2UF2 | E42: SIEMENS | F42: =LEN(G42) -> 81 | G42: VARIATEUR DE FREQUENCE SINAMICS G120C 1,1KW 3,2A SANS FILTRE PROFINET ETHERNET IP | H42: 105830 CONVERTISSEURS : VARIATEURS DE VITESSE ALTERNATIF | J42: EA | K42: EA | L42: NON | M42: REXEL FRANCE NORD EST WASQUEHAL FR 59 | N42: 35623 | P42: ESTREES | R42: 086915 | S42: 46272 | U42: TRUE | AA42: DEJA CREE - article code 086915, ligne non retraitee.
A43: A | B43: Simon DROULERS | C43: 01/09/2026 | D43: 6SL3210-1KE12-3UF2 | E43: SIEMENS | F43: =LEN(G43) -> 82 | G43: VARIATEUR DE FREQUENCE SINAMICS G120C 0,75KW 2,2A SANS FILTRE PROFINET ETHERNET IP | H43: 105830 CONVERTISSEURS : VARIATEURS DE VITESSE ALTERNATIF | J43: EA | K43: EA | L43: NON | M43: rexel comme le précédent ? | P43: ESTREES | R43: 086916 | S43: 46272 | U43: TRUE | AA43: DEJA CREE - article code 086916, ligne non retraitee.
A44: A | B44: Simon DROULERS | C44: 01/09/2026 | D44: 6SL3210-1KE15-8UF2 | E44: SIEMENS | F44: =LEN(G44) -> 81 | G44: VARIATEUR DE FREQUENCE SINAMICS G120C 2,2KW 5,8A SANS FILTRE PROFINET ETHERNET IP | H44: 105830 CONVERTISSEURS : VARIATEURS DE VITESSE ALTERNATIF | J44: EA | K44: EA | L44: NON | M44: rexel comme le précédent ? | P44: ESTREES | R44: 086917 | S44: 46272 | U44: TRUE | AA44: DEJA CREE - article code 086917, ligne non retraitee.
A45: A | B45: Simon DROULERS | C45: 01/09/2026 | D45: MN503S | E45: IFM | F45: =LEN(G45) -> 75 | G45: INTERRUPTEUR DE SECURITE MAGNETIQUE CODE 24VDC 2 CONTACTS NO M12 IP67/IP69K | J45: EA | K45: EA | L45: NON | M45: IFM ELECTRONIC LE BOURGET DU LAC FR 73 | N45: 5966 | P45: ESTREES | Q45: Il manque la famille des detecteurs de sécurité | R45: 086901 | S45: 46272 | U45: TRUE | AA45: DEJA CREE - article code 086901, ligne non retraitee.
A46: A | B46: Simon DROULERS | C46: 01/09/2026 | D46: E1104S | E46: IFM | F46: =LEN(G46) -> 69 | G46: ACTIONNEUR MAGNETIQUE POUR INTERRUPTEUR DE SECURITE CODAGE MAGNETIQUE | J46: EA | K46: EA | L46: NON | M46: IFM ELECTRONIC LE BOURGET DU LAC FR 73 | N46: 5966 | P46: ESTREES | Q46: Il manque la famille des detecteurs de sécurité | R46: 086904 | S46: 46272 | U46: TRUE | AA46: DEJA CREE - article code 086904, ligne non retraitee.
A47: A | B47: Simon DROULERS | C47: 01/09/2026 | D47: 36104 000B | E47: WOHNER | F47: =LEN(G47) -> 99 | G47: DÉMARREUR MOTEUR HYBRIDE CONTACT INVERSEUR FONCTION DE SÉCURITÉ SIL3 3 PÔLES 0,18-2,4 A BAR OMNIBUS | H47: 105805 CONVERTISSEURS : DEMARREURS PROGRESSIFS | J47: EA | K47: EA | L47: NON | M47: ELECMATIC S.A.R.L ? | P47: ESTREES | R47: 086906 | S47: 46272 | U47: TRUE | AA47: DEJA CREE - article code 086906, ligne non retraitee.
A48: A | B48: Simon DROULERS | C48: 01/09/2026 | D48: 36200 000A | E48: WOHNER | F48: =LEN(G48) -> 49 | G48: ALIMENTATION 400VAC/24VDC 10A BROOME10 CROSSBOARD | H48: 105801 CONVERTISSEURS : ALIMENTATIONS CONTINUES | J48: EA | K48: EA | L48: NON | M48: ELECMATIC S.A.R.L ? | P48: ESTREES | R48: 086913 | S48: 46272 | U48: TRUE | AA48: DEJA CREE - article code 086913, ligne non retraitee.
A49: A | B49: Simon DROULERS | C49: 01/09/2026 | D49: DBS36E-S3EK02500 | E49: SICK | F49: =LEN(G49) -> 71 | G49: CODEUR INCREMENTAL AXE SOLIDE Ø 6MM LONG 12MM PUSH-PULL 2500 PPR 24 VDC | H49: 106201 MESURE ET REGULATION : CODEURS | J49: EA | K49: EA | L49: NON | M49: RS COMPONENTS BEAUVAIS FR 60 | N49: 5985 | P49: ESTREES | R49: 086964 | S49: 46280 | U49: TRUE | AA49: DEJA CREE - article code 086964, ligne non retraitee.
A50: A | B50: Simon DROULERS | C50: 01/09/2026 | D50: 1C486066 | E50: DONALDSON | F50: =LEN(G50) -> 34 | G50: ELEMENT DE FILTRATION MODELE A0600 | H50: 110101 AIR / VIDE : FILTRES | J50: EA | K50: EA | L50: NON | M50: ULTRAFILTER DONALDSON VIGNY FR 95 | N50: 14922 | P50: ESTREES | R50: 086944 | S50: 46275 | U50: TRUE | AA50: DEJA CREE - article code 086944, ligne non retraitee.
A51: A | B51: Simon DROULERS | C51: 01/09/2026 | D51: 541061 | E51: PILZ | F51: =LEN(G51) -> 79 | G51: CAPTEUR DE SECURITE RFID SANS CONTACT PSEN CS3.1A 24VDC 2 SORTIES OSSD CABLE 5M | J51: EA | K51: EA | L51: NON | M51: ELECMATIC S.A.R.L | N51: 113787 | P51: ESTREES | R51: 086892 | S51: 46269 | U51: TRUE | AA51: DEJA CREE - article code 086892, ligne non retraitee.
A52: A | B52: Simon DROULERS | C52: 01/09/2026 | D52: 6EP4134-0GB00-0AY0 | E52: SIEMENS | F52: =LEN(G52) -> 91 | G52: MODULE BATTERIE EXTERNE SITOP 24VDC STOCKAGE ÉNERGIE POUR UPS ALIMENTATION SECOURUE UPS1100 | H52: 105801 CONVERTISSEURS : ALIMENTATIONS CONTINUES | J52: EA | K52: EA | L52: NON | P52: ESTREES | R52: 086905 | S52: 46272 | U52: TRUE | AA52: DEJA CREE - article code 086905, ligne non retraitee.
A53: A | B53: Simon DROULERS | C53: 01/09/2026 | D53: 6EP4137-3AB00-0AY0 | E53: SIEMENS | F53: =LEN(G53) -> 98 | G53: MODULE SITOP UPS 24VDC GESTION ET CONTRÔLE DE SECOURS SURVEILLANCE TENSION CHARGE BATTERIE UPS1600 | J53: EA | K53: EA | L53: NON | P53: ESTREES | R53: 086908 | S53: 46272 | U53: TRUE | AA53: DEJA CREE - article code 086908, ligne non retraitee.
A54: A | B54: Simon DROULERS | C54: 01/09/2026 | D54: 6ES7516-3FP03-0AB0 | E54: SIEMENS | F54: =LEN(G54) -> 65 | G54: AUTOMATE S7-1500 CPU 1516F-3 PN FAIL SAFE AVEC INTERFACE PROFINET | H54: 105205 AUTOMATISATION : AUTOMATES PROGRAMMABLES INDUSTRIELS | J54: EA | K54: EA | L54: NON | P54: ESTREES | R54: 086909 | S54: 46272 | U54: TRUE | AA54: DEJA CREE - article code 086909, ligne non retraitee.
A55: A | B55: Simon DROULERS | C55: 01/09/2026 | D55: 6ES7131-6BF01-0BA0 | E55: SIEMENS | F55: =LEN(G55) -> 87 | G55: SIMATIC ET 200SP MODULE ENTREE TOR 8X24VDC STANDARD TYPE 3 POUR BU TYPE A0 COULEUR CC01 | H55: 105215 AUTOMATISATION : CARTES D'ENTREES API | J55: EA | K55: EA | L55: NON | P55: ESTREES | R55: 086897 | S55: 46272 | U55: TRUE | AA55: DEJA CREE - article code 086897, ligne non retraitee.
A56: A | B56: Simon DROULERS | C56: 01/09/2026 | D56: 6ES7135-6GB00-0BA1 | E56: SIEMENS | F56: =LEN(G56) -> 88 | G56: SIMATIC ET 200SP MODULE DE SORTIE ANALOGIQUE 2XU/I STANDARD POUR BU TYPE A0 COULEUR CC02 | H56: 105210 AUTOMATISATION : CARTES DE SORTIES API | J56: EA | K56: EA | L56: NON | P56: ESTREES | R56: 086899 | S56: 46272 | U56: TRUE | AA56: DEJA CREE - article code 086899, ligne non retraitee.
A57: A | B57: Simon DROULERS | C57: 01/09/2026 | D57: 6ES7135-6HD00-0BA1 | E57: SIEMENS | F57: =LEN(G57) -> 88 | G57: SIMATIC ET 200SP MODULE DE SORTIE ANALOGIQUE 4XU/I STANDARD POUR BU TYPE A0 COULEUR CC00 | H57: 105210 AUTOMATISATION : CARTES DE SORTIES API | J57: EA | K57: EA | L57: NON | P57: ESTREES | R57: 074052 | T57: Doublon avec l'article 074052 (MODULE DE SORTIE ANALOGIQUE 6ES7135-6HD00-0BA1). Demande non creee. | U57: FALSE | AA57: DEJA CREE - article code 074052, ligne non retraitee.
A58: A | B58: Simon DROULERS | C58: 01/09/2026 | D58: 6ES7136-6BA01-0CA0 | E58: SIEMENS | F58: =LEN(G58) -> 100 | G58: SIMATIC ET 200SP MODULE ENTREE DE SECURITE F-DI 8X24VDC TOR STANDARD HF POUR BU TYPE A0 COULEUR CC01 | H58: 105215 AUTOMATISATION : CARTES D'ENTREES API | J58: EA | K58: EA | L58: NON | P58: ESTREES | R58: 086862 | T58: Doublon avec l'article 086862 (SIMATIC DP MODULE ÉLECTRONIQUE POUR ET 200SP F-DI 8X 24 V CC HF LARGEUR 15 MM - SIL3 IEC 61508). Demande non creee. | U58: FALSE | AA58: DEJA CREE - article code 086862, ligne non retraitee.
A59: A | B59: Simon DROULERS | C59: 01/09/2026 | D59: F 02CA MK171 V00 F01 | E59: KOCH | F59: =LEN(G59) -> 88 | G59: UNITE DE GESTION ACTIVE DE L'ENERGIE CONTROLE DISTRIBUTION DES ALIMENTATIONS ELECTRIQUES | H59: 105201 AUTOMATISATION : ALIMENTATIONS SPECIFIQUES AUTOMATES | J59: EA | K59: EA | L59: NON | P59: ESTREES | R59: 086910 | S59: 46272 | U59: TRUE | AA59: DEJA CREE - article code 086910, ligne non retraitee.
A60: A | B60: Simon DROULERS | C60: 01/09/2026 | D60: X20IF 10E3-1 | E60: B&R | F60: =LEN(G60) -> 55 | G60: MODULE DE COMMUNICATION X20 PROFINET I/O DEVICES 2XRJ45 | H60: 105200 AUTOMATISATION | J60: EA | K60: EA | L60: NON | P60: ESTREES | R60: 086911 | S60: 46272 | U60: TRUE | AA60: DEJA CREE - article code 086911, ligne non retraitee.
A61: A | B61: Simon DROULERS | C61: 01/09/2026 | D61: X20CP1686X | E61: B&R | F61: =LEN(G61) -> 58 | G61: AUTOMATE PROGRAMMABLE X20 24VDC – ETHERNET/POWERLINK – USB | H61: 105205 AUTOMATISATION : AUTOMATES PROGRAMMABLES INDUSTRIELS | J61: EA | K61: EA | L61: NON | P61: ESTREES | R61: 087036 | S61: 46287 | U61: TRUE | AA61: DEJA CREE - article code 087036, ligne non retraitee.
A62: A | B62: Simon DROULERS | C62: 01/09/2026 | D62: X20DO F322 | E62: B&R | F62: =LEN(G62) -> 42 | G62: MODULES DE SORTIES DIGITALES X20 16S 24VDC | H62: 105210 AUTOMATISATION : CARTES DE SORTIES API | J62: EA | K62: EA | L62: NON | P62: ESTREES | R62: 087035 | S62: 46287 | U62: TRUE | AA62: DEJA CREE - article code 087035, ligne non retraitee.
A63: A | B63: Simon DROULERS | C63: 01/09/2026 | D63: 6ES7136-6RA00-0BF0 | E63: SIEMENS | F63: =LEN(G63) -> 99 | G63: SIMATIC ET 200SP MODULE DO SECURITE F-RQ 1X24VDC/24..230VAC/5A RELAIS TOR BU TYPE A0 LARG 20MM CC01 | H63: 105210 AUTOMATISATION : CARTES DE SORTIES API | J63: EA | K63: EA | L63: NON | P63: ESTREES | R63: 087037 | S63: 46287 | U63: TRUE | AA63: DEJA CREE - article code 087037, ligne non retraitee.
A64: A | B64: Simon DROULERS | C64: 01/09/2026 | D64: 6ES7136-6PA00-0BC0 | E64: SIEMENS | F64: =LEN(G64) -> 98 | G64: SIMATIC ET 200SP MODULE ALIM PROFISAFE 24VDC DQ ET F-DQ PL E/SIL3 2DI 1ES SECURITE BU TYPE C0 CC52 | H64: 105200 AUTOMATISATION | J64: EA | K64: EA | L64: NON | P64: ESTREES | R64: 087038 | S64: 46287 | U64: TRUE | AA64: DEJA CREE - article code 087038, ligne non retraitee.
A65: A | B65: Simon DROULERS | C65: 01/09/2026 | D65: 6ES7132-6BH01-0BA0 | E65: SIEMENS | F65: =LEN(G65) -> 94 | G65: SIMATIC ET 200SP MODULE SORTIE TOR 16X24VDC 0,5A STANDARD SOURCE (PNP) BU TYPE A0 COULEUR CC00 | H65: 105210 AUTOMATISATION : CARTES DE SORTIES API | J65: EA | K65: EA | L65: NON | P65: ESTREES | R65: 086863 | T65: Doublon avec l'article 086863 (SIMATIC ET 200SP, MODULE DE SORTIE NUMERIQUE DQ 16 X 24 V CC/0,5 A STANDARD SORTIE SOURCE (PNP- COMMUTATION P)). Demande non creee. | U65: FALSE | AA65: DEJA CREE - article code 086863, ligne non retraitee.
A66: A | B66: Simon DROULERS | C66: 01/09/2026 | D66: 6ES7512-1SM03-0AB0 | E66: SIEMENS | F66: =LEN(G66) -> 95 | G66: SIMATIC S7-1500 CPU 1512SP-1 PN PROC AUTOM PROG 150KB MEM PROFINET DIAG RAIL DIN ET 200SP 24VDC | H66: 105205 AUTOMATISATION : AUTOMATES PROGRAMMABLES INDUSTRIELS | J66: EA | K66: EA | L66: NON | P66: ESTREES | R66: 067481 | T66: Doublon avec l'article 067481 (SIMATIC DP, CPU 1512SP F-1 PN POUR ET 200SP PROFINET IRT AVEC COMMUT. 3 PORTS 6ES75121SK010AB0). Demande non creee. | U66: FALSE | AA66: DEJA CREE - article code 067481, ligne non retraitee.
A67: A | B67: Fabrice BERANGER | C67: 01/09/2026 | D67: 70059429 | E67: LANGGUTH | F67: =LEN(G67) -> 32 | G67: STATION DE BROSSE 4/4 - 70059429 | H67: 233800 LANGGUTH | I67: HOTLAN 310 | J67: EA | K67: EA | L67: NON | M67: LANGGUTH | N67: 113956 | O67: 70059429 | P67: VAULX VRAUCOURT | Q67: 70128906 - pièces de format.pdf | R67: 086880 | S67: 46266 | U67: TRUE | AA67: DEJA CREE - article code 086880, ligne non retraitee.
A68: A | B68: Nicolas SENS | C68: 11/9/2026 | D68: COTCOI10080030 | E68: PAKER | F68: =LEN(G68) -> 55 | G68: Courroie Néoprène Câble Fibre de Verre HTD 8M30 Lg. 800 | H68: 242800 PAKER | I68: ETUYEUSE PAKER | J68: EA | K68: EA | L68: NON | M68: PAKER GROUP FONTENAY-SUR-EURE FR 28 | N68: 139893 | O68: COTCOI10080030 | P68: ESTREES | R68: 086987 | S68: 46281 | U68: TRUE | AA68: DEJA CREE - article code 086987, ligne non retraitee.
A69: A | B69: Nicolas SENS | C69: 11/9/2026 | D69: PPAPRCOI1817 | E69: PAKER | F69: =LEN(G69) -> 33 | G69: Courroie à Taquets Soudés APR COI | H69: 242800 PAKER | I69: ETUYEUSE PAKER | J69: EA | K69: EA | L69: NON | M69: PAKER GROUP FONTENAY-SUR-EURE FR 28 | N69: 139893 | O69: PPAPRCOI1817 | P69: ESTREES | R69: 086990 | S69: 46281 | U69: TRUE | AA69: DEJA CREE - article code 086990, ligne non retraitee.
A70: A | B70: Nicolas SENS | C70: 11/9/2026 | D70: PPCOMCOU1104 | E70: PAKER | F70: =LEN(G70) -> 91 | G70: Courroie Polyuréthane BRECObasic AT10 Larg.25 BAS-PAZ REDEX 40 EP.2 Câble Acier Lg.4440 MAG | H70: 242800 PAKER | I70: ETUYEUSE PAKER | J70: EA | K70: EA | L70: NON | M70: PAKER GROUP FONTENAY-SUR-EURE FR 28 | N70: 139893 | O70: PPCOMCOU1104 | P70: ESTREES | R70: 086991 | S70: 46282 | U70: TRUE | AA70: DEJA CREE - article code 086991, ligne non retraitee.
A71: A | B71: Nicolas SENS | C71: 11/9/2026 | D71: PPFESENS1329 | E71: PAKER | F71: =LEN(G71) -> 81 | G71: Courroie Polyuréthane BRECObasic AT10 Larg.100 BAS/PAZ Supergrip EP.4mm Pas 180mm | H71: 242800 PAKER | I71: ETUYEUSE PAKER | J71: EA | K71: EA | L71: NON | M71: PAKER GROUP FONTENAY-SUR-EURE FR 28 | N71: 139893 | O71: PPFESENS1329 | P71: ESTREES | R71: 086992 | S71: 46282 | U71: TRUE | AA71: DEJA CREE - article code 086992, ligne non retraitee.
A72: A | B72: Nicolas SENS | C72: 11/9/2026 | D72: PPFESSEP1529 | E72: PAKER | F72: =LEN(G72) -> 84 | G72: Courroie Polyuréthane BRECObasic AT10 Larg.32 BAS/PAZ Supergrip EP.4 Câble Acier SEP | H72: 242800 PAKER | I72: ETUYEUSE PAKER | J72: EA | K72: EA | L72: NON | M72: PAKER GROUP FONTENAY-SUR-EURE FR 28 | N72: 139893 | O72: PPFESSEP1529 | P72: ESTREES | R72: 086997 | S72: 46282 | U72: TRUE | AA72: DEJA CREE - article code 086997, ligne non retraitee.
A73: A | B73: Nicolas SENS | C73: 11/9/2026 | D73: PPCOMCOU1401 | E73: PAKER | F73: =LEN(G73) -> 82 | G73: Courroie Polyuréthane BRECO V AT10 Larg.32 V-PAZ CORREX-6 EP.6 Câble Acier Lg.2520 | H73: 242800 PAKER | I73: ETUYEUSE PAKER | J73: EA | K73: EA | L73: NON | M73: PAKER GROUP FONTENAY-SUR-EURE FR 28 | N73: 139893 | O73: PPCOMCOU1401 | P73: ESTREES | R73: 086998 | S73: 46282 | U73: TRUE | AA73: DEJA CREE - article code 086998, ligne non retraitee.
A74: A | B74: Nicolas SENS | C74: 11/9/2026 | D74: PPFESENL0891 | E74: PAKER | F74: =LEN(G74) -> 30 | G74: GUIDE COURROIE DIVERGEUR DROIT | H74: 242800 PAKER | I74: ETUYEUSE PAKER | J74: EA | K74: 0870 | L74: NON | M74: PAKER GROUP FONTENAY-SUR-EURE FR 28 | N74: 139893 | O74: PPFESENL0891 | P74: ESTREES | R74: 086999 | S74: 46282 | U74: TRUE | AA74: DEJA CREE - article code 086999, ligne non retraitee.
A75: A | B75: Nicolas SENS | C75: 11/9/2026 | D75: PPFESENL0853 | E75: PAKER | F75: =LEN(G75) -> 31 | G75: GUIDE COURROIE DIVERGEUR GAUCHE | H75: 242800 PAKER | I75: ETUYEUSE PAKER | J75: EA | K75: EA | L75: NON | M75: PAKER GROUP FONTENAY-SUR-EURE FR 28 | N75: 139893 | O75: PPFESENL0853 | P75: ESTREES | R75: 087000 | S75: 46282 | U75: TRUE | AA75: DEJA CREE - article code 087000, ligne non retraitee.
A76: A | B76: Nicolas SENS | C76: 11/9/2026 | D76: SEAESTRC0126 | E76: PAKER | F76: =LEN(G76) -> 29 | G76: Courroie Equipée 4 Pas de 180 | H76: 242800 PAKER | I76: ETUYEUSE PAKER | J76: EA | K76: EA | L76: NON | M76: PAKER GROUP FONTENAY-SUR-EURE FR 28 | N76: 139893 | O76: SEAESTRC0126 | P76: ESTREES | R76: 087001 | S76: 46282 | U76: TRUE | AA76: DEJA CREE - article code 087001, ligne non retraitee.
A77: A | B77: Nicolas SENS | C77: 11/9/2026 | D77: PPAESTRC1218 | E77: PAKER | F77: =LEN(G77) -> 72 | G77: Courroie Polyuréthane AT10 Largeur 25 Fibres Acier Lg. 720 Soudée Perçée | H77: 242800 PAKER | I77: ETUYEUSE PAKER | J77: EA | K77: EA | L77: NON | M77: PAKER GROUP FONTENAY-SUR-EURE FR 28 | N77: 139893 | O77: PPAESTRC1218 | P77: ESTREES | R77: 087002 | S77: 46282 | U77: TRUE | AA77: DEJA CREE - article code 087002, ligne non retraitee.
A78: A | B78: Nicolas SENS | C78: 11/9/2026 | D78: COTCOI10092020 | E78: PAKER | F78: =LEN(G78) -> 55 | G78: Courroie Néoprène Câble Fibre de Verre HTD 8M20 Lg. 920 | H78: 242800 PAKER | I78: ETUYEUSE PAKER | J78: EA | K78: EA | L78: NON | M78: PAKER GROUP FONTENAY-SUR-EURE FR 28 | N78: 139893 | O78: COTCOI10092020 | P78: ESTREES | R78: 087004 | S78: 46282 | U78: TRUE | AA78: DEJA CREE - article code 087004, ligne non retraitee.
A79: A | B79: Nicolas SENS | C79: 11/9/2026 | D79: SEAESTRC0123 | E79: PAKER | F79: =LEN(G79) -> 37 | G79: Courroie Equipée Droite 16 Pas de 360 | H79: 242800 PAKER | I79: ETUYEUSE PAKER | J79: EA | K79: EA | L79: NON | M79: PAKER GROUP FONTENAY-SUR-EURE FR 28 | N79: 139893 | O79: SEAESTRC0123 | P79: ESTREES | R79: 087005 | S79: 46282 | U79: TRUE | AA79: DEJA CREE - article code 087005, ligne non retraitee.
... A82: A | B82: Nicolas SENS | C82: 11/9/2026 | D82: 57330027500 | E82: BECKER | F82: =LEN(G82) -> 56 | G82: Kit d'entretien pour VT/DT4.25 Palette + Filtre + Joints | H82: 205250 BECKER | I82: ETUYEUSE PAKER | J82: EA | K82: EA | L82: NON | M82: BECKER FRANCE RAMBOUILLET FR 78 | N82: 14735 | O82: 57330027500 | P82: ESTREES | R82: 087010 | S82: 46282 | U82: TRUE | AA82: DEJA CREE - article code 087010, ligne non retraitee.
A83: A | B83: Nicolas SENS | C83: 11/9/2026 | D83: NGE2252FT-PT-K450 | E83: SYSTEM PLAST | F83: =LEN(G83) -> 44 | G83: TAPIS MODULAIRE DROIT LARGEUR 114,3 PAS 25,4 | H83: 101100 CONVOYAGE A TAPIS A PALETTES | I83: ETUYEUSE PAKER | J83: M | K83: M | L83: NON | M83: REXNORD FLATTOP CORREGIO IT 42 | N83: 26343 | O83: NGE2252FT-PT-K450 | P83: ESTREES | R83: 086980 | S83: 46281 | U83: TRUE | AA83: DEJA CREE - article code 086980, ligne non retraitee.
A84: A | B84: Nicolas SENS | C84: 11/9/2026 | D84: NGE2251FT-TAB-K450 | E84: SYSTEM PLAST | F84: =LEN(G84) -> 45 | G84: TAPIS MODULAIRE COURBE LARGEUR 114,3 PAS 25,5 | H84: 101100 CONVOYAGE A TAPIS A PALETTES | I84: ETUYEUSE PAKER | J84: M | K84: M | L84: NON | M84: REXNORD FLATTOP CORREGIO IT 42 | N84: 26343 | O84: NGE2251FT-TAB-K450 | P84: ESTREES | R84: 086981 | S84: 46281 | U84: TRUE | AA84: DEJA CREE - article code 086981, ligne non retraitee.
A85: A | B85: Nicolas SENS | C85: 11/9/2026 | D85: E21267 | E85: IFM | F85: =LEN(G85) -> 38 | G85: Réflecteur Rectangulaire Nid d'Abeille | H85: 105955 DETECTION : DETECTEURS PHOTOELECTRIQUES REFLEX | I85: ETUYEUSE PAKER | J85: EA | K85: EA | L85: NON | M85: IFM ELECTRONIC LE-BOURGET-DU-LAC FR 73 | N85: 5966 | O85: E21267 | P85: ESTREES | R85: 087003 | S85: 46282 | U85: TRUE | AA85: DEJA CREE - article code 087003, ligne non retraitee.
A86: A | B86: Nicolas SENS | C86: 11/9/2026 | D86: ILM1001P02F0000 | E86: SCHNEIDER | F86: =LEN(G86) -> 65 | G86: ServoMoteur Frein ILM 1001 1.9Nm 3KRpm Multi Réf: ILM1001P02F0000 | H86: 150520 MOTEURS : MOTEURS BRUSHLESS | I86: ETUYEUSE PAKER | J86: EA | K86: EA | L86: NON | M86: SAFIM DEXIS MONT DE MARSAN FR 40 | N86: 27358 | O86: ILM1001P02F0000 | P86: ESTREES | R86: 087011 | S86: 46282 | U86: TRUE | AA86: DEJA CREE - article code 087011, ligne non retraitee.
A87: A | B87: Nicolas SENS | C87: 11/9/2026 | D87: 722811 | E87: LUTZE | F87: =LEN(G87) -> 30 | G87: Alimentation Tri400v/24Vcc/40A | H87: 105801 CONVERTISSEURS : ALIMENTATIONS CONTINUES | I87: ETUYEUSE PAKER | J87: EA | K87: EA | L87: NON | M87: PAKER GROUP FONTENAY-SUR-EURE FR 28 | N87: 139893 | O87: LUT.722811 | P87: ESTREES | R87: 086985 | S87: 46281 | U87: TRUE | AA87: DEJA CREE - article code 086985, ligne non retraitee.
A88: A | B88: Nicolas SENS | C88: 11/9/2026 | D88: VW3E1142R100 | E88: SCHNEIDER | F88: =LEN(G88) -> 54 | G88: Câble Hybride LEXIUM62 D1/D1 Lg. 10m Réf: VW3E1142R100 | H88: 105510 COMPOSANTS DE CABLAGE : CABLES | I88: ETUYEUSE PAKER | J88: EA | K88: EA | L88: NON | M88: REXEL SAUMUR FR 49 | N88: 83236 | O88: VW3E1142R100 | P88: ESTREES | R88: 087013 | S88: 46282 | U88: TRUE | AA88: DEJA CREE - article code 087013, ligne non retraitee.
A89: A | B89: Nicolas SENS | C89: 11/9/2026 | D89: 101204290 | E89: SCHMERSAL | F89: =LEN(G89) -> 40 | G89: Contre plaque MZM100-B1.1 Réf: 101204290 | H89: 105755 CONTACTEURS ET RELAIS : RELAIS DE SECURITE | I89: ETUYEUSE PAKER | J89: EA | K89: EA | L89: NON | M89: ELEC SYSTEM SAINT BARTHELEMY FR 49 | N89: 83237 | O89: 101204290 | P89: ESTREES | R89: 086965 | S89: 16/09/2026 | U89: TRUE | V89: CODE ARTICLE IDENTIQUE LIGNE 266 | AA89: DEJA CREE - article code 086965, ligne non retraitee.
A90: B | B90: Mohamed EL MOUDDEN | C90: 14/09/2026 | D90: 7883 08 13 | E90: PARKER | F90: =LEN(G90) -> 61 | G90: RACCORD STOP VÉRIN RÉGLEUR DE DÉBIT PIQUAGE MÂLE CYLINDRIQUE | H90: 140100 PNEUMATIQUE : ACCESSOIRES | J90: EA | K90: EA | L90: Non | M90: MICHAUD CHALLY | N90: 91652 | O90: 7883 08 13 | P90: LABENNE | R90: 087260 | S90: 46295 | U90: TRUE | AA90: DEJA CREE - article code 087260, ligne non retraitee.
A91: A | B91: Ludovic DANIEL | C91: 17/09/26 | D91: 195750 | E91: FESTO | F91: =LEN(G91) -> 27 | G91: MODULE ENTREE FESTO CPX-8DE | H91: 140500 PNEUMATIQUE : DISTRIBUTEURS | J91: EA | K91: EA | L91: NON | M91: FESTO | N91: 14436 | O91: CPX-8DE | P91: ROSPORDEN | R91: 087244 | S91: 46294 | U91: TRUE | AA91: DEJA CREE - article code 087244, ligne non retraitee.
A92: A | B92: Ludovic DANIEL | C92: 17/09/26 | D92: QSML-M5-4 153333 | E92: FESTO | F92: =LEN(G92) -> 36 | G92: RACCORD COUDE FESTO QSML-M5-4 153333 | H92: 140000 PNEUMATIQUE | I92: SCHUBERT | J92: EA | K92: EA | L92: NON | M92: FESTO | N92: 14436 | O92: QSML-M5-4 153333 | P92: ROSPORDEN | R92: 087275 | S92: 46295 | AA92: DEJA CREE - article code 087275, ligne non retraitee.
A93: A | B93: Vincent DARTHOS | C93: 17/09/26 | D93: LIAISON 7580 | E93: FMI | F93: =LEN(G93) -> 26 | G93: ENTRAINEMENT COURROIE 7580 | H93: 220250 FMI | J93: EA | K93: EA | L93: NON | M93: FMI | N93: 5969 | O93: LIAISON 7580 | P93: BORDERES | Q93: Merci ! | R93: 87316 | S93: 46300 | T93: Nous n'avons pas accès aux PJ | U93: FALSE | V93: Merci ! | AA93: DEJA CREE - article code 87316, ligne non retraitee.
A94: A | B94: Vincent DARTHOS | C94: 17/09/26 | D94: GALET 6438255SAV | E94: FMI | F94: =LEN(G94) -> 32 | G94: GALET MOBILE 3530 REF 6438255SAV | H94: 220250 FMI | J94: EA | K94: EA | L94: NON | M94: FMI | N94: 5969 | O94: GALET 6438255SAV | P94: BORDERES | Q94: Merci ! | R94: 087308 | S94: 46300 | T94: Nous n'avons pas accès aux PJ | U94: TRUE | V94: Merci ! | AA94: DEJA CREE - article code 087308, ligne non retraitee.
A95: A | B95: Vincent DARTHOS | C95: 17/09/26 | D95: GALET 6199855 | E95: FMI | F95: =LEN(G95) -> 27 | G95: GALET FIXE 3530 REF 6199855 | H95: 220250 FMI | J95: EA | K95: EA | L95: NON | M95: FMI | N95: 5969 | O95: GALET 6199855 | P95: BORDERES | Q95: Merci ! | R95: 087311 | S95: 46300 | T95: Nous n'avons pas accès aux PJ | U95: TRUE | V95: Merci ! | AA95: DEJA CREE - article code 087311, ligne non retraitee.
A96: A | B96: Vincent DARTHOS | C96: 17/09/26 | D96: DRN80MK4/BE1/MM07 | E96: SEW USOCOME | F96: =LEN(G96) -> 58 | G96: MOTOREDUCTEUR A ENGRENAGE CYLINDRIQUE R37 DR80MK4/BE1/MM07 | H96: 250700 SEW | J96: EA | K96: EA | L96: NON | M96: SEW USOCOME | N96: 6034 | O96: DRN80MK4/BE1/MM07 | P96: BORDERES | Q96: Motoréducteur pour pal 3 rouleau fil | R96: 087246 | S96: 46294 | U96: TRUE | V96: Merci ! | AA96: DEJA CREE - article code 087246, ligne non retraitee.
A97: A | B97: Micael CORADAS | C97: 22/09/2026 | D97: MC07B0110-5A3-A-00 | E97: SEW | F97: =LEN(G97) -> 63 | G97: VARIATEUR DE VITESSE 11KW 400V TRI MOVITRAC B - REVISER/REPARER | H97: 105830 CONVERTISSEURS : VARIATEURS DE VITESSE ALTERNATIF | J97: EA | K97: EA | L97: NON | M97: SEW | N97: 30135 | O97: MC07B0110-5A3-A-00 | P97: SANTARÉM | R97: 087274 | S97: 46295 | U97: TRUE | AA97: DEJA CREE - article code 087274, ligne non retraitee.
A98: A | B98: Micael CORADAS | C98: 22/09/2026 | D98: TP 40-60/2 B-F-A-BQQE-DW1 | E98: GRUNDFOS | F98: =LEN(G98) -> 49 | G98: POMPE CENTRIFUGE IN-LINE 0.37KW 10.40M3 2854TR/MN | H98: 110230 EAU : POMPES | J98: EA | K98: EA | L98: NON | M98: FRINCOR FRIO INDUSTRIAL E COMERCIAL LDA | N98: 29992 | O98: TP 40-60/2 B-F-A-BQQE-DW1 | P98: SANTARÉM | R98: 087280 | S98: 46295 | U98: TRUE | AA98: DEJA CREE - article code 087280, ligne non retraitee.
A99: A | B99: Mohamed EL MOUDDEN | C99: 22/09/2026 | D99: 303846 | E99: CABINPLANT | F99: =LEN(G99) -> 39 | G99: JOINT A DIAPHRAGME POUR MODULE DE PESEE | H99: 208500 CABINPLANT : | I99: EMBOITEUSE CABINPLANT | J99: EA | K99: EA | L99: NON | M99: CABINPLANT | N99: 148035 | O99: 303846 | P99: LABENNE | R99: 087154 | S99: 46293 | U99: TRUE | AA99: DEJA CREE - article code 087154, ligne non retraitee.
A100: B | B100: Mohamed EL MOUDDEN | C100: 22/09/2026 | D100: OID250 | E100: IFM | F100: =LEN(G100) -> 60 | G100: CAPTEUR DE DISTANCE OPTIQUE LUMIERE ROUGE 0.03 A 2M PnP IP67 | H100: 105960 DETECTION : DETECTEURS PHOTOELECTRIQUES REFLEXION DIRECTE | J100: EA | K100: EA | L100: Non | M100: IFM | N100: 5966 | O100: OID250 | P100: LABENNE | R100: 087258 | U100: FALSE | AA100: DEJA CREE - article code 087258, ligne non retraitee.
A101: B | B101: Mohamed EL MOUDDEN | C101: 22/09/2026 | D101: ABL8PRP24100 | E101: SCHNEIDER | F101: =LEN(G101) -> 33 | G101: MODULE DE PROTECTION ELECTRONIQUE | H101: 106445 PROTECTION ET COUPURE : DISJONCTEURS MOTEUR | J101: EA | K101: EA | L101: Non | M101: SCHNEIDER | N101: 91021 | O101: ABL8PRP24100 | P101: LABENNE | R101: 087265 | S101: 46295 | U101: TRUE | AA101: DEJA CREE - article code 087265, ligne non retraitee.
A102: B | B102: Mohamed EL MOUDDEN | C102: 22/09/2026 | D102: R97DRN132S4/BE11/V | E102: SEW USOCOM | F102: =LEN(G102) -> 51 | G102: MOTOREDUCTEUR BUNKER HV - 1461/18 M3 5,5KW DIAM 60 | H102: 150701 REDUCTEURS / MOTOREDUCTEURS : A VITESSE FIXE | J102: EA | K102: EA | L102: Non | M102: SEW USOCOM | N102: 6034 | O102: R97DRN132S4/BE11/V | P102: LABENNE | R102: 087340 | S102: 46303 | T102: 30/09 : Pouvez vous nous transmettre un devis du fournisseur SEW USOCOME récent | U102: FALSE | Y102: SEW USOCOME SAS | AA102: Série/gamme confirmée - configuration exacte non confirmée ; VALIDER - CHAMPS NON CONFIRMES | AC102: VIDE : aucun libellé officiel constructeur de la variante exacte n est confirmé. Une série, une société ou un libellé de distributeur ne remplace pas cette preuve. | AD102: MOTOREDUCTEUR COAXIAL DRN IE3 AVEC FREIN ET VENTILATION - CONFIGURATION A VALIDER | AE102: Termes techniques issus exclusivement des sources vérifiées du 07/10/2026, reformulés selon l usage de la famille. Portée limitée à la série : cette proposition ne valide pas la variante ni les détails de saisie exclus des sources. Sources : SEW-EURODRIVE — Type Codes, Volume 1 Drive Technology, 31976336/EN; SEW-EURODRIVE — Gearmotor Nomenclature, 2024; SEW USOCOME — Mentions légales; SEW-EURODRIVE — Helical gearmotors R..DR.. — famille | AF102: MOTOREDUCTEUR BUNKER HV - 1461/18 M3 5,5 KW DIAM 60 | AG102: Saisie d origine uniquement, majuscules/espacement d unités et traduction usuelle sans ajout de caractéristiques. Nature source MOTOREDUCTEUR déjà présente : 494/852 codes distincts, soit 58.0%. Conservée même minoritaire. Dominante MOTOREDUCTEUR : 494/852, soit 58.0% ; seuil d éligibilité 30 %, jamais une validation technique. | AL102: Aucune photo trouvée | AM102: =HYPERLINK("https://download.sew-eurodrive.com/download/pdf/31976336.pdf","https://download.sew-eurodrive.com/download/pdf/31976336.pdf") -> https://download.sew-eurodrive.com/download/pdf/31976336.pdf | AN102: =HYPERLINK("https://www.seweurodrive.com/products/gearmotors/standard-gearmotors/helical-gearmotors-rdr/helical-gearmotors-rdr.html","https://www.seweurodrive.com/products/gearmotors/standard-gearmotors/helical-gearmotors-rdr/helical-gearmotors-rdr.html") -> https://www.seweurodrive.com/products/gearmotors/standard-gearmotors/helical-gearmotors-rdr/helical-gearmotors-rdr.html | AP102: Faible | AQ102: Les clés officielles SEW 31976336/EN et Gearmotor Nomenclature expliquent R97, DRN132S4, BE11 et /V, mais la page R..DR.. ne prouve ni la combinaison exacte ni 18 tr/min, M3 et Ø60 mm, tandis que les mentions légales vérifient SEW USOCOME SAS. La marque est laissée non confirmée : les sources identifient une société ou une série, pas le fabricant de la variante demandée. Photo : Les sorties web consultées ne fournissent aucune URL complète d'image éditeur admissible rattachée à cette référence; aucune recherche d'images dédiée effectuée. | AS102: Code et libellé présents au référentiel source ; nature documentée, configuration exacte restant à contrôler si la preuve est de série. | AU102: Champ vide conservé ; aucune machine inventée pour ce composant de commerce.
...

Sheet Classe B - Article générique
A1: Version du 31/08/2026​ | B1: A remplir par le demandeur | C1: A remplir par le demandeur | D1: A remplir par le demandeur | E1: A remplir par la Cellule Référentielle | F1: Ne pas modifier | G1: A remplir par le demandeur | H1: A remplir par le demandeur (menu déroulant) | I1: A remplir par le demandeur | J1: A remplir par le demandeur | K1: A remplir par le demandeur | L1: A remplir par le demandeur | M1: A remplir par le demandeur | N1: A remplir par le demandeur | O1: A remplir par le demandeur | P1: A remplir par le demandeur (menu déroulant) | Q1: A remplir par le demandeur | R1: A remplir par la Cellule Référentielle | S1: A remplir par la Cellule Référentielle | T1: A remplir par la Cellule Référentielle | U1: Ajouté par le contrôle automatique — les colonnes d'origine ne sont jamais modifiées
A2: Classe Article | B2: Demandeur | C2: Date Demande | D2: Référence Fabricant / Générique | E2: Marque | F2: Check long. Désign. | G2: Désignation | H2: Famille | I2: Spécifique pour machine | J2: Unité Stock | K2: Unité Commande | L2: Certificat d'alimentarité? | M2: Fournisseur (nom) | N2: Fournisseur (code) | O2: Référence Fournisseur | P2: Site | Q2: Remarques demandeur | R2: Code Article | S2: Date de création | T2: Remarque Cellule Référentielle | U2: Référence constructeur confirmée | V2: Marque confirmée | W2: Fournisseur confirmé | X2: Référence fournisseur confirmée | Y2: Statut réf. / marque | Z2: Désignation IA 1 (constructeur) | AA2: Justification IA 1 | AB2: Désignation IA 2 (variante base article) | AC2: Justification IA 2 | AD2: Désignation algorithme | AE2: Justification algorithme | AF2: Article déjà existant (base) | AG2: Photo produit 1 (lien) | AH2: Photo produit 2 (lien) | AI2: Photo produit 3 (lien) | AJ2: Niveau photo | AK2: Fiche technique (lien) | AL2: Page constructeur (lien) | AM2: Page distributeur (lien) | AN2: Indice de confiance | AO2: Justification du contrôle | AP2: Famille corrigée | AQ2: Contrôle famille | AR2: Spécifique machine corrigé | AS2: Contrôle machine
A3: B | B3: Vincent DARTHOS | C3: 46267 | D3: VIS INOX TFF M10x100 | E3: Générique | F3: =LEN(G3) -> 45 | G3: VIS A TETE FRAISEE FENDUE INOX M10X100 DIN963 | H3: 155910 : VISSERIE FIXATION : VIS ECROUS : INOX | J3: EA | K3: EA | L3: Non | M3: INTER INOX | N3: 6663 | O3: VIS INOX TFF M10x100 | P3: BORDERES | Q3: Merci ! | R3: 086923 | S3: 46273 | Y3: DEJA CREE - article code 086923, ligne non retraitee.
A4: B | B4: Vincent DARTHOS | C4: 46267 | D4: VIS INOX TFF M6x80 | E4: Générique | F4: =LEN(G4) -> 43 | G4: VIS A TETE FRAISEE FENDUE INOX M6X80 DIN963 | H4: 155910 : VISSERIE FIXATION : VIS ECROUS : INOX | J4: EA | K4: EA | L4: Non | M4: INTER INOX | N4: 6663 | O4: VIS INOX TFF M6x80 | P4: BORDERES | Q4: Merci ! | R4: 086924 | S4: 46273 | Y4: DEJA CREE - article code 086924, ligne non retraitee.
A5: B | B5: Vincent DARTHOS | C5: 46267 | D5: VIS INOX TFF M6x70 | E5: Générique | F5: =LEN(G5) -> 43 | G5: VIS A TETE FRAISEE FENDUE INOX M6X70 DIN963 | H5: 155910 : VISSERIE FIXATION : VIS ECROUS : INOX | J5: EA | K5: EA | L5: Non | M5: INTER INOX | N5: 6663 | O5: VIS INOX TFF M6x70 | P5: BORDERES | Q5: Merci ! | R5: 086926 | S5: 46273 | Y5: DEJA CREE - article code 086926, ligne non retraitee.
A6: B | B6: Vincent DARTHOS | C6: 46267 | D6: VIS INOX POELIER FENDUE M8x25 | E6: Générique | F6: =LEN(G6) -> 39 | G6: VIS A METAUX POELIER FENDUES INOX M8X25 | H6: 155910 : VISSERIE FIXATION : VIS ECROUS : INOX | J6: EA | K6: EA | L6: Non | M6: INTER INOX | N6: 6663 | O6: VIS INOX POELIER FENDUE M8x25 | P6: BORDERES | Q6: Merci ! | R6: 086927 | S6: 46273 | Y6: DEJA CREE - article code 086927, ligne non retraitee.
A7: B | B7: Vincent DARTHOS | C7: 46267 | D7: VIS INOX POELIER FENDUE M10x25 | E7: Générique | F7: =LEN(G7) -> 40 | G7: VIS A METAUX POELIER FENDUES INOX M10X25 | H7: 155910 : VISSERIE FIXATION : VIS ECROUS : INOX | J7: EA | K7: EA | L7: Non | M7: INTER INOX | N7: 6663 | O7: VIS INOX POELIER FENDUE M10x25 | P7: BORDERES | Q7: Merci ! | R7: 086949 | S7: 46275 | Y7: DEJA CREE - article code 086949, ligne non retraitee.
A8: B | B8: Vincent DARTHOS | C8: 46267 | D8: VIS INOX POELIER FENDUE M10x30 | E8: Générique | F8: =LEN(G8) -> 40 | G8: VIS A METAUX POELIER FENDUES INOX M10X30 | H8: 155910 : VISSERIE FIXATION : VIS ECROUS : INOX | J8: EA | K8: EA | L8: Non | M8: INTER INOX | N8: 6663 | O8: VIS INOX POELIER FENDUE M10x30 | P8: BORDERES | Q8: Merci ! | R8: 086947 | S8: 46275 | Y8: DEJA CREE - article code 086947, ligne non retraitee.
A9: B | B9: Vincent DARTHOS | C9: 46267 | D9: VIS INOX TH P FILE M24x160 | E9: Générique | F9: =LEN(G9) -> 74 | G9: VIS TETE HEXAGONALE SANS EMPREINTE FILETAGE PARTIEL - TH INOX A2 24X160 MM | H9: 155910 : VISSERIE FIXATION : VIS ECROUS : INOX | J9: EA | K9: EA | L9: Non | M9: INTER INOX | N9: 6663 | O9: VIS INOX TH P FILE M24x160 | P9: BORDERES | Q9: Merci ! | R9: 086970 | S9: 46281 | Y9: DEJA CREE - article code 086970, ligne non retraitee.
A10: B | B10: Vincent DARTHOS | C10: 46267 | D10: VIS INOX TH M14x20 | E10: Générique | F10: =LEN(G10) -> 77 | G10: VIS TETE HEXAGONALE SANS EMPREINTE ENTIEREMENT FILETEE - TH INOX A2 M14X20 MM | H10: 155910 : VISSERIE FIXATION : VIS ECROUS : INOX | J10: EA | K10: EA | L10: Non | M10: INTER INOX | N10: 6663 | O10: VIS INOX TH M14x20 | P10: BORDERES | Q10: Merci ! | R10: 086951 | S10: 46275 | Y10: DEJA CREE - article code 086951, ligne non retraitee.
A11: B | B11: Vincent DARTHOS | C11: 46267 | D11: VIS INOX TFHC M3x8 | E11: Générique | F11: =LEN(G11) -> 56 | G11: VIS TETE FRAISEE SIX PANS CREUX TFHC DIN 7991 A2 M3X8 MM | H11: 155910 : VISSERIE FIXATION : VIS ECROUS : INOX | J11: EA | K11: EA | L11: Non | M11: INTER INOX | N11: 6663 | O11: VIS INOX TFHC M3x8 | P11: BORDERES | Q11: Merci ! | R11: 086971 | S11: 46281 | Y11: DEJA CREE - article code 086971, ligne non retraitee.
A12: B | B12: Vincent DARTHOS | C12: 46267 | D12: VIS INOX TFHC M5x16 | E12: Générique | F12: =LEN(G12) -> 57 | G12: VIS TETE FRAISEE SIX PANS CREUX TFHC DIN 7991 A2 M5X16 MM | H12: 155910 : VISSERIE FIXATION : VIS ECROUS : INOX | J12: EA | K12: EA | L12: Non | M12: INTER INOX | N12: 6663 | O12: VIS INOX TFHC M5x16 | P12: BORDERES | Q12: Merci ! | R12: 086972 | S12: 46281 | Y12: DEJA CREE - article code 086972, ligne non retraitee.
A13: B | B13: Vincent DARTHOS | C13: 46267 | D13: VIS INOX TCHC M3x30 | E13: Générique | F13: =LEN(G13) -> 59 | G13: VIS TETE CYLINDRIQUE HEXAGONALE CREUSE DIN933 INOX A2 M3X30 | H13: 155910 : VISSERIE FIXATION : VIS ECROUS : INOX | J13: EA | K13: EA | L13: Non | M13: INTER INOX | N13: 6663 | O13: VIS INOX TCHC M3x30 | P13: BORDERES | Q13: Merci ! | R13: 086974 | S13: 46281 | Y13: DEJA CREE - article code 086974, ligne non retraitee.
A14: B | B14: Vincent DARTHOS | C14: 46267 | D14: ECROU INOX HEX M3 | E14: Générique | F14: =LEN(G14) -> 34 | G14: ECROU HEXAGONAL M3 A2 DIN 934 INOX | H14: 155910 : VISSERIE FIXATION : VIS ECROUS : INOX | J14: EA | K14: EA | L14: Non | M14: INTER INOX | N14: 6663 | O14: ECROU INOX HEX M3 | P14: BORDERES | Q14: Merci ! | R14: 086975 | S14: 46281 | Y14: DEJA CREE - article code 086975, ligne non retraitee.
... A21: B | B21: Vincent DARTHOS | C21: 46267 | D21: GOUPILLE I 2,5X14 | E21: Générique | F21: =LEN(G21) -> 44 | G21: GOUPILLES FENDUES INOX DIAMETRE 2,5X14 DIN94 | H21: 155300 : VISSERIE FIXATION : GOUPILLES | J21: EA | K21: EA | L21: Non | M21: INTER INOX | N21: 6663 | O21: GOUPILLE I 2,5X14 | P21: BORDERES | Q21: Merci ! | R21: 086920 | S21: 46273 | Y21: DEJA CREE - article code 086920, ligne non retraitee.
A22: B | B22: Vincent DARTHOS | C22: 46275 | D22: ENG.38/M3/022 | E22: Générique | F22: =LEN(G22) -> 32 | G22: ENGRENAGE MOD 3 22 DTS 38/M3/022 | H22: 150101 ACCOUPLEMENTS / TRANSMISSION : ACCOUPLEMENTS | J22: EA | K22: EA | L22: Non | M22: SAFIM | N22: 27358 | O22: ENG.38/M3/022 | P22: BORDERES | W22: SAFIM | Y22: Non confirmé - aucune source publique trouvée ; VALIDER - CHAMPS NON CONFIRMES | AA22: VIDE : aucun libellé officiel constructeur de la variante exacte n est confirmé. Une série, une société ou un libellé de distributeur ne remplace pas cette preuve. | AB22: ARTICLE A IDENTIFIER - REFERENCE ENG.38/M3/022 | AC22: Proposition transparente, non validée : aucune nature produit de cette référence n est suffisamment prouvée par une source officielle/distributeur fiable ou une correspondance de base contextualisée. La saisie brute n est pas présentée comme vérifiée. | AD22: ENGRENAGE MOD 3 22 DENTS 38/M3/022 | AE22: Saisie d origine uniquement, majuscules/espacement d unités et traduction usuelle sans ajout de caractéristiques. Nature source ENGRENAGE déjà présente : 5/317 codes distincts, soit 1.6%. Conservée même minoritaire. Dominante ACCOUPLEMENT : 96/317, soit 30.3% ; seuil d éligibilité 30 %, jamais une validation technique. | AJ22: Aucune photo trouvée | AN22: Faible | AO22: Les recherches exactes et normalisées d’ENG.38/M3/022 n’identifient aucun fabricant, le seul résultat voisin Lufra 38/M3/076 n’étant pas une preuve pour 022, tandis que la fiche Cylex atteste seulement le fournisseur français SAFIM. Photo : Aucune URL d’image éditeur exploitable n’a été renvoyée par les pages consultées. | AQ22: VALIDER - CODE FAMILLE VALIDE DANS LE REFERENTIEL ; adéquation technique non confirmée faute de nature sourcée. | AS22: Champ vide conservé ; aucune machine inventée pour ce composant de commerce.
A23: B | B23: Vincent DARTHOS | C23: 46282 | D23: GOUPILLE I 5X40 | E23: Générique | F23: 44 | G23: GOUPILLES FENDUES INOX DIAMETRE 5X40 4 DIN94 | H23: 155300 : VISSERIE FIXATION : GOUPILLES | J23: EA | K23: EA | L23: Non | M23: INTER INOX | N23: 6663 | O23: GOUPILLE I 5X40 | P23: BORDERES | Q23: Merci ! | R23: 087066 | S23: 46287 | Y23: DEJA CREE - article code 087066, ligne non retraitee.
A24: B | B24: Vincent DARTHOS | C24: 46282 | D24: VIS INOX TFF 3X30 | E24: Générique | F24: 59 | G24: VIS A TETE FRAISEE FENDUE INOX M3X30 | H24: 155910 : VISSERIE FIXATION : VIS ECROUS : INOX | J24: EA | K24: EA | L24: Non | M24: INTER INOX | N24: 6663 | O24: VIS INOX TFF 3X30 | P24: BORDERES | Q24: Merci ! | R24: 087070 | S24: 46287 | Y24: DEJA CREE - article code 087070, ligne non retraitee.
A25: B | B25: Vincent DARTHOS | C25: 46284 | D25: 61912 2RS | E25: Générique | F25: =LEN(G25) -> 18 | G25: ROULEMENT 60X85X13 | H25: 150800 ROULEMENTS | J25: EA | K25: EA | L25: Non | M25: CIR | N25: 92179 | O25: 61912 2RS | P25: BORDERES | Q25: Merci ! | R25: 087201 | S25: 46293 | Y25: DEJA CREE - article code 087201, ligne non retraitee.
A26: B | B26: Vincent DARTHOS | C26: 46287 | D26: ADN-25-60-A-P-A | E26: Générique | F26: =LEN(G26) -> 29 | G26: VERIN COMPACT ADN-25-60-A-P-A | H26: 141100 PNEUMATIQUE : VERINS | J26: EA | K26: EA | L26: Non | M26: FESTO | N26: 14436 | O26: 536373 | P26: BORDERES | Q26: Ok, fait | T26: Marque et référence FESTO, non générique. Merci de déplacer cet article en classe A | U26: ADN-25-60-A-P-A | V26: Festo | W26: Festo E.U.R.L. | X26: 536373 | Y26: Référence et marque confirmées (constructeur) | Z26: VÉRIN COMPACT | AA26: Reformulation française du libellé constructeur de la référence vérifiée. Source : Festo — ADN-25-60-A-P-A — Part number 536373; Festo — Compact cylinder ADN-25-60-A-P-A | AB26: VERIN COMPACT DOUBLE EFFET D 25 MM COURSE 60 MM ISO 21287 AMORTISSEMENT ELASTIQUE | AC26: Termes techniques issus exclusivement des sources vérifiées du 07/10/2026, reformulés selon l usage de la famille. Sources : Festo — ADN-25-60-A-P-A — Part number 536373; Festo — Compact cylinder ADN-25-60-A-P-A; Festo France — Mentions légales — Festo E.U.R.L. | AD26: VERIN COMPACT ADN-25-60-A-P-A | AE26: Saisie d origine uniquement, majuscules/espacement d unités et traduction usuelle sans ajout de caractéristiques. Nature source VERIN déjà présente : 742/1018 codes distincts, soit 72.9%. Conservée même minoritaire. Dominante VERIN : 742/1018, soit 72.9% ; seuil d éligibilité 30 %, jamais une validation technique. | AJ26: Aucune photo trouvée | AK26: =HYPERLINK("https://ftp.festo.com/Public/PNEUMATIC/SOFTWARE_SERVICE/Datasheet/EN_US/536373.pdf","https://ftp.festo.com/Public/PNEUMATIC/SOFTWARE_SERVICE/Datasheet/EN_US/536373.pdf") -> https://ftp.festo.com/Public/PNEUMATIC/SOFTWARE_SERVICE/Datasheet/EN_US/536373.pdf | AL26: =HYPERLINK("https://www.festo.com/no/en/a/536373","https://www.festo.com/no/en/a/536373") -> https://www.festo.com/no/en/a/536373 | AN26: Élevé | AO26: La fiche et la page Festo associent ADN-25-60-A-P-A au n° 536373 avec diamètre 25 mm et course 60 mm, et les mentions légales vérifient Festo E.U.R.L. Photo : Les sorties de consultation des pages consultées fournissent du texte sans URL d’image éditeur pleine résolution vérifiable ; aucune image retenue. | AQ26: Code et libellé présents au référentiel source ; nature documentée, configuration exacte restant à contrôler si la preuve est de série. | AS26: Champ vide conservé ; aucune machine inventée pour ce composant de commerce.
A27: B | B27: Alexis DELEAU | C27: 46287 | D27: 51060.080.016 | E27: Générique | F27: =LEN(G27) -> 51 | G27: VIS TETE FRAISEE 6 PANS CREUX M8X16 DIN7991 INOX A2 | H27: 155910 VISSERIE FIXATION : VIS ECROUS : INOX | J27: EA | K27: EA | L27: Non | M27: FABORY | N27: 17436 | O27: 51060.080.016 | P27: ESTREES | Q27: Demande transférée de l'ancien tableau visserie fixation | R27: 087173 | S27: 46293 | Y27: DEJA CREE - article code 087173, ligne non retraitee.
A28: B | B28: Alexis DELEAU | C28: 46287 | D28: 51040.060.012 | E28: Générique | F28: =LEN(G28) -> 77 | G28: VIS A TETE CYLINDRIQUE A SIX PANS CREUX AVEC TETE BASSE DIN7984 INOX A2 M6X12 | H28: 155910 VISSERIE FIXATION : VIS ECROUS : INOX | J28: EA | K28: EA | L28: Non | M28: FABORY | N28: 17436 | O28: 51040.060.012 | P28: ESTREES | Q28: Demande transférée de l'ancien tableau visserie fixation | R28: 087176 | S28: 46293 | Y28: DEJA CREE - article code 087176, ligne non retraitee.
A29: B | B29: Alexis DELEAU | C29: 46287 | D29: 51040.080.016 | E29: Générique | F29: =LEN(G29) -> 77 | G29: VIS A TETE CYLINDRIQUE A SIX PANS CREUX AVEC TETE BASSE DIN7984 INOX A2 M8X16 | H29: 155910 VISSERIE FIXATION : VIS ECROUS : INOX | J29: EA | K29: EA | L29: Non | M29: FABORY | N29: 17436 | O29: 51040.080.016 | P29: ESTREES | Q29: Demande transférée de l'ancien tableau visserie fixation | R29: 087178 | S29: 46293 | Y29: DEJA CREE - article code 087178, ligne non retraitee.
A30: B | B30: Alexis DELEAU | C30: 46287 | D30: 51050.050.012 | E30: Générique | F30: =LEN(G30) -> 61 | G30: VIS A TETE CYLINDRIQUE HEXAGONALE CREUSE INOX A2 DIN912 M5X12 | H30: 155910 VISSERIE FIXATION : VIS ECROUS : INOX | J30: EA | K30: EA | L30: Non | M30: FABORY | N30: 17436 | O30: 51050.050.012 | P30: ESTREES | Q30: Demande transférée de l'ancien tableau visserie fixation | R30: 87180 | S30: 46293 | Y30: DEJA CREE - article code 87180, ligne non retraitee.
A31: B | B31: Vincent DARTHOS | C31: 46290 | D31: MCHMS5-SS-21-DC-LQD | E31: Générique | F31: =LEN(G31) -> 47 | G31: INTERUPTEUR DE SECURITE MAGNETIQUE SANS CONTACT | H31: 105755 CONTACTEURS ET RELAIS : RELAIS DE SECURITE | J31: EA | K31: EA | L31: Non | M31: ELEC SUD OUEST | N31: 89122 | O31: MCHMS5-SS-21-DC-LQD | P31: BORDERES | Q31: Ok, fait | T31: Marque et référence MECHAN-CONTROLS, non générique. Merci de déplacer cet article en classe A | W31: ELEC SUD OUEST | Y31: Série/gamme confirmée - configuration exacte non confirmée ; VALIDER - CHAMPS NON CONFIRMES | AA31: VIDE : aucun libellé officiel constructeur de la variante exacte n est confirmé. Une série, une société ou un libellé de distributeur ne remplace pas cette preuve. | AB31: INTERRUPTEUR SECURITE MAGNETIQUE SERIE MS5 SSLQD INOX 316 - COMPOSITION A VALIDER | AC31: Termes techniques issus exclusivement des sources vérifiées du 07/10/2026, reformulés selon l usage de la famille. Portée limitée à la série : cette proposition ne valide pas la variante ni les détails de saisie exclus des sources. Sources : Mechan Controls — MS5SSLQD — MS5-SS-21-DC-LQD; Machinesafety-Shop — MS5-SS-21-DC-LQD — Magnetic safety sensor; Annuaire des Entreprises — ELEC SUD OUEST — SIREN 441395712 | AD31: INTERRUPTEUR DE SECURITE MAGNETIQUE SANS CONTACT | AE31: Saisie d origine uniquement, majuscules/espacement d unités et traduction usuelle sans ajout de caractéristiques. Nature source conservée sans substitution sémantique : 226 codes distincts de famille. Dominante RELAIS : 94/226, soit 41.6% ; seuil d éligibilité 30 %, jamais une validation technique. | AJ31: Aucune photo trouvée | AL31: =HYPERLINK("https://www.mechancontrols.com/products/magnasafe/ms5sslqd/","https://www.mechancontrols.com/products/magnasafe/ms5sslqd/") -> https://www.mechancontrols.com/products/magnasafe/ms5sslqd/ | AM31: =HYPERLINK("https://machinesafety-shop.com/ms5-ss-21-dc-lqd-ms5-stainless-steel-magnetic-safety-sensor/","https://machinesafety-shop.com/ms5-ss-21-dc-lqd-ms5-stainless-steel-magnetic-safety-sensor/") -> https://machinesafety-shop.com/ms5-ss-21-dc-lqd-ms5-stainless-steel-magnetic-safety-sensor/ | AN31: Faible | AO31: Mechan Controls et Machinesafety-Shop publient MS5-SS-21-DC-LQD mais aucune source ne relie le préfixe MCH du code saisi à cette référence, et l’Annuaire des Entreprises confirme ELEC SUD OUEST sans code article publié. La marque est laissée non confirmée : les sources identifient une société ou une série, pas le fabricant de la variante demandée. Photo : Les sorties de consultation des pages consultées fournissent du texte sans URL d’image éditeur pleine résolution vérifiable ; aucune image retenue. | AQ31: Code et libellé présents au référentiel source ; nature documentée, configuration exacte restant à contrôler si la preuve est de série. | AS31: Champ vide conservé ; aucune machine inventée pour ce composant de commerce.
A32: B | B32: Nicolas SENS | C32: 46293 | D32: CLAVETTE 8x7x35 DIN6885 | E32: Générique | F32: =LEN(G32) -> 23 | G32: CLAVETTE 8x7x35 DIN6885 | H32: 106300 OUTILLAGE / CONSOMMABLES | J32: EA | K32: EA | L32: Non | M32: MICHAUD CHAILLY LYON FR 69 | N32: 6775 | O32: CLAVETTE 8x7x35 DIN6885 | P32: ESTREES | R32: 087206 | S32: 46293 | Y32: DEJA CREE - article code 087206, ligne non retraitee.
A33: B | B33: Nicolas SENS | C33: 46293 | D33: CLAVETTE 6x6x35 DIN6885 | E33: Générique | F33: =LEN(G33) -> 23 | G33: CLAVETTE 6x6x35 DIN6885 | H33: 106300 OUTILLAGE / CONSOMMABLES | J33: EA | K33: EA | L33: Non | M33: MICHAUD CHAILLY LYON FR 69 | N33: 6775 | O33: CLAVETTE 6x6x35 DIN6885 | P33: ESTREES | R33: 087071 | S33: 46293 | Y33: DEJA CREE - article code 087071, ligne non retraitee.
A34: B | B34: Fabrice BERANGER | C34: 46335 | D34: CAU-14104 | E34: Générique | F34: =LEN(G34) -> 28 | G34: BAGUE PA6 G NAT Ø60X18 HT 65 | H34: 100620 CONVOYAGE A CHAINES : FIXATION ET SUPPORTS | J34: EA | K34: EA | L34: Non | M34: CAUWET | N34: 145648 | O34: CAU-14104 | P34: VAULX VRAUCOURT | W34: JM CAUWET | Y34: Non confirmé - aucune source publique trouvée ; VALIDER - CHAMPS NON CONFIRMES | AA34: VIDE : aucun libellé officiel constructeur de la variante exacte n est confirmé. Une série, une société ou un libellé de distributeur ne remplace pas cette preuve. | AB34: ARTICLE A IDENTIFIER - REFERENCE CAU-14104 | AC34: Proposition transparente, non validée : aucune nature produit de cette référence n est suffisamment prouvée par une source officielle/distributeur fiable ou une correspondance de base contextualisée. La saisie brute n est pas présentée comme vérifiée. | AD34: BAGUE PA6 G NAT Ø60X18 HT 65 | AE34: Saisie d origine uniquement, majuscules/espacement d unités et traduction usuelle sans ajout de caractéristiques. Nature source conservée sans substitution sémantique : 14 codes distincts de famille. Dominante PALIER : 3/14, soit 21.4% ; seuil d éligibilité 30 %, jamais une validation technique. | AJ34: Aucune photo trouvée | AL34: =HYPERLINK("https://www.plastique-cauwet.com/Usinage-plastique/","https://www.plastique-cauwet.com/Usinage-plastique/") -> https://www.plastique-cauwet.com/Usinage-plastique/ | AN34: Faible | AO34: Le site JM CAUWET confirme le fournisseur et son activité d’usinage plastique sur mesure, mais les recherches de CAU-14104/CAU14104 ne publient pas cette bague, son fabricant ni un plan, donc aucune référence catalogue ou fabrication sur plan n’est affirmée. Photo : Code non publié et aucune fiche produit trouvée : aucune URL d’image exacte disponible ; l’activité sur mesure du fournisseur ne prouve pas à elle seule un plan pour cette pièce. | AQ34: VALIDER - CODE FAMILLE VALIDE DANS LE REFERENTIEL ; adéquation technique non confirmée faute de nature sourcée. | AS34: Champ vide conservé ; aucune machine inventée pour ce composant de commerce.
A35: B | B35: Fabrice BERANGER | C35: 14/09/2026 | D35: 32616 | E35: Générique | F35: =LEN(G35) -> 96 | G35: TAPIS SERIE 900 FLUSH GRID(SURFACE AJOUREE)ACETAL BLEU LARGEUR:446MM LONGUEUR 6 METRES 219 RANGS | H35: 101100 CONVOYAGE A TAPIS A PALETTES | J35: EA | K35: EA | L35: Non | M35: INTRALOX | N35: 144465 | O35: 32616 | P35: VAULX VRAUCOURT | W35: Intralox | Y35: Série/gamme confirmée - configuration exacte non confirmée ; VALIDER - CHAMPS NON CONFIRMES | AA35: VIDE : aucun libellé officiel constructeur de la variante exacte n est confirmé. Une série, une société ou un libellé de distributeur ne remplace pas cette preuve. | AB35: TAPIS MODULAIRE SERIE 900 FLUSH GRID PAS 27,2 MM - MATIERE ET CONFECTION A VALIDER | AC35: Termes techniques issus exclusivement des sources vérifiées du 07/10/2026, reformulés selon l usage de la famille. Portée limitée à la série : cette proposition ne valide pas la variante ni les détails de saisie exclus des sources. Sources : Intralox — Series 900 Flush Grid | AD35: TAPIS SERIE 900 FLUSH GRID(SURFACE AJOUREE)ACETAL BLEU LARGEUR:446 MM LONGUEUR 6 METRES 219 RANGS | AE35: Saisie d origine uniquement, majuscules/espacement d unités et traduction usuelle sans ajout de caractéristiques. Nature source TAPIS déjà présente : 88/109 codes distincts, soit 80.7%. Conservée même minoritaire. Dominante TAPIS : 88/109, soit 80.7% ; seuil d éligibilité 30 %, jamais une validation technique. | AJ35: Aucune photo trouvée | AL35: =HYPERLINK("https://www.intralox.com/belt-finder/modular-plastic-belting/series-900/flush-grid","https://www.intralox.com/belt-finder/modular-plastic-belting/series-900/flush-grid") -> https://www.intralox.com/belt-finder/modular-plastic-belting/series-900/flush-grid | AN35: Faible | AO35: La page Intralox Series 900 Flush Grid confirme cette famille et son pas de 27,2 mm, mais ni le numéro 32616 ni la confection acétal bleu 446 mm × 6 m n’ont été trouvés publiquement. La marque est laissée non confirmée : les sources identifient une société ou une série, pas le fabricant de la variante demandée. Photo : Confection de tapis : absence normale de photo exacte ; aucune URL d’image éditeur renvoyée par la page de série. | AP35: 100410 CONVOYAGE A BANDES PLASTIQUES : BANDES | AQ35: VALIDER - FAMILLE PROPOSEE : Nature tapis modulaire plastique de la série 900 documentée ; code 32616 et confection non confirmés. | AS35: Champ vide conservé ; aucune machine inventée pour ce composant de commerce.
B36: Fabrice BERANGER | C36: 28/09/2026 | D36: XB4BK133B5 | E36: Générique | F36: =LEN(G36) -> 35 | G36: BOUTON TOURNANT LUMINEUX 3 POSITION | H36: 105310 BOUTONS ET SIGNALISATION : BOUTONS METALLIQUES MODULAIRES | J36: EA | K36: EA | L36: Non | M36: SONEPAR | N36: 151146 | O36: XB4BK133B5 | P36: VAULX VRAUCOURT | Q36: Merci | R36: 087287 | S36: 46295 | Y36: DEJA CREE - article code 087287, ligne non retraitee.
A37: B | B37: Jérôme RIMBAULT | C37: 30/09/2026 | D37: G2/OPEN ECB508-40M | E37: Générique | F37: =LEN(G37) -> 56 | G37: COUVERCLE TRAVERSANT POUR PALIER BLEUE ARBRE DIAMETRE 40 | H37: 150620 PALIERS : RESINE | J37: EA | K37: EA | L37: Non | M37: SEFI | N37: 83291 | O37: G2/OPEN ECB508-40M | P37: DOUE LA FONTAINE | U37: G2/OPEN ECB508-40M | V37: SKF | W37: SEFI | Y37: Référence confirmée par distributeur ; VALIDER - CHAMPS NON CONFIRMES | AA37: VIDE : aucun libellé officiel constructeur de la variante exacte n est confirmé. Une série, une société ou un libellé de distributeur ne remplace pas cette preuve. | AB37: COUVERCLE TRAVERSANT PALIER SKF FOOD LINE BLEU D 40 MM TPU LARGEUR 38 MM | AC37: Termes techniques issus exclusivement des sources vérifiées du 07/10/2026, reformulés selon l usage de la famille. Sources : Ahlsell — SKF ECB 508 End cap — G2/OPEN ECB508-40M; Lemvigh-Müller — SKF Food line 508-40M — Open; IP Bernard Sanders Aandrijftechniek — SKF Foodline Blue Range Open — G2/OPEN ECB508-40M; Annuaire des Entreprises — Établissement SEFI — dénomination de la société | AD37: COUVERCLE TRAVERSANT POUR PALIER BLEUE ARBRE DIAMETRE 40 | AE37: Saisie d origine uniquement, majuscules/espacement d unités et traduction usuelle sans ajout de caractéristiques. Nature source COUVERCLE déjà présente : 9/145 codes distincts, soit 6.2%. Conservée même minoritaire. Dominante PALIER : 111/145, soit 76.6% ; seuil d éligibilité 30 %, jamais une validation technique. | AJ37: Aucune photo trouvée | AM37: =HYPERLINK("https://www.ahlsell.dk/en/produkter/technique/tenant/rental-and-accessories/food-line-composite-rental-houses-and-rentals/c-60.40.20.40/10231337/skf-ecb-508-end-cap","https://www.ahlsell.dk/en/produkter/technique/tenant/rental-and-accessories/food-line-composite-rental-houses-and-rentals/c-60.40.20.40/10231337/skf-ecb-508-end-cap") -> https://www.ahlsell.dk/en/produkter/technique/tenant/rental-and-accessories/food-line-composite-rental-houses-and-rentals/c-60.40.20.40/10231337/skf-ecb-508-end-cap | AN37: Moyen | AO37: Ahlsell, Lemvigh-Müller et Bernard Sanders publient exactement G2/OPEN ECB508-40M comme couvercle traversant SKF Food Line bleu pour arbre 40 mm, et l’Annuaire des Entreprises confirme SEFI sans publication trouvée de son code fournisseur. Photo : Aucune URL d’image éditeur exploitable n’a été renvoyée par les pages consultées. | AQ37: Code et libellé présents au référentiel source ; nature documentée, configuration exacte restant à contrôler si la preuve est de série. | AS37: Champ vide conservé ; aucune machine inventée pour ce composant de commerce.
A38: B | B38: Jérôme RIMBAULT | C38: 46032 | D38: GRLA-1/8-QS-8-RS-D/534337 | E38: Générique | F38: =LEN(G38) -> 33 | G38: LIMITEUR DE DEBIT INIDIRECTIONNEL | H38: 140800 PNEUMATIQUE : LIMITEURS / REGULATEURS | J38: EA | K38: EA | L38: Non | M38: FESTO | N38: 14436 | O38: GRLA-1/8-QS-8-RS-D/534337 | P38: DOUE LA FONTAINE | U38: GRLA-1/8-QS-8-RS-D | V38: Festo | W38: Festo E.U.R.L. | X38: 534337 | Y38: Référence et marque confirmées (constructeur) ; Erreur de saisie source à corriger | Z38: LIMITEUR DE DÉBIT UNIDIRECTIONNEL | AA38: Reformulation française du libellé constructeur de la référence vérifiée. Source : Festo — One-way flow control valve GRLA-1/8-QS-8-RS-D — 534337; Festo — GRLA-1/8-QS-8-RS-D — Part number 534337 | AB38: LIMITEUR DE DEBIT UNIDIRECTIONNEL A ECHAPPEMENT QS8 G1/8 REGLAGE PAR VIS MOLETEE | AC38: Termes techniques issus exclusivement des sources vérifiées du 07/10/2026, reformulés selon l usage de la famille. Sources : Festo — One-way flow control valve GRLA-1/8-QS-8-RS-D — 534337; Festo — GRLA-1/8-QS-8-RS-D — Part number 534337; Festo France — Mentions légales — Festo E.U.R.L. | AD38: LIMITEUR DE DEBIT UNIDIRECTIONNEL | AE38: Saisie d origine uniquement, majuscules/espacement d unités et traduction usuelle sans ajout de caractéristiques. Nature source LIMITEUR déjà présente : 18/104 codes distincts, soit 17.3%. Conservée même minoritaire. Dominante REGULATEUR : 23/104, soit 22.1% ; seuil d éligibilité 30 %, jamais une validation technique. | AJ38: Aucune photo trouvée | AK38: =HYPERLINK("https://ftp.festo.com/Public/PNEUMATIC/SOFTWARE_SERVICE/Datasheet/EN_US/534337.pdf","https://ftp.festo.com/Public/PNEUMATIC/SOFTWARE_SERVICE/Datasheet/EN_US/534337.pdf") -> https://ftp.festo.com/Public/PNEUMATIC/SOFTWARE_SERVICE/Datasheet/EN_US/534337.pdf | AL38: =HYPERLINK("https://www.festo.com/gr/en/a/534337/","https://www.festo.com/gr/en/a/534337/") -> https://www.festo.com/gr/en/a/534337/ | AN38: Élevé | AO38: La page et la fiche Festo distinguent le type GRLA-1/8-QS-8-RS-D du n° 534337, démontrant la concaténation erronée de la saisie, et les mentions légales vérifient Festo E.U.R.L. Photo : Les sorties de consultation des pages consultées fournissent du texte sans URL d’image éditeur pleine résolution vérifiable ; aucune image retenue. | AQ38: Code et libellé présents au référentiel source ; nature documentée, configuration exacte restant à contrôler si la preuve est de série. | AS38: Champ vide conservé ; aucune machine inventée pour ce composant de commerce.
A39: B | B39: Nicolas CAPLIER | C39: 46296 | D39: 6E 22 | E39: Générique | F39: =LEN(G39) -> 85 | G39: SANGLE D'ARRIMAGE A CROCHETS ET TENDEUR A CLIQUET TMU 2500KG LONGUEUR 9M LARGEUR 50MM | H39: 120200 LEVAGE MANUTENTION VEHICULES : PALANS ET ACCESSOIRES DE LEVAGE | J39: EA | K39: EA | L39: Non | M39: MANUTAN | N39: 15189 | O39: A732566 | P39: ESTREES | Q39: DOCUMENT TECHNIQUE | R39: 087337 | S39: 46302 | V39: PMS Industrie | W39: Manutan | X39: A732566 | Y39: Référence confirmée par distributeur ; VALIDER - DOUBLON INTERNE POTENTIEL ; VALIDER - CHAMPS NON CONFIRMES | AA39: VIDE : aucun libellé officiel constructeur de la variante exacte n est confirmé. Une série, une société ou un libellé de distributeur ne remplace pas cette preuve. | AB39: SANGLE D'ARRIMAGE A CLIQUET ET CROCHETS 9 M X 50 MM TMU 2500 KG | AC39: Termes techniques issus exclusivement des sources vérifiées du 07/10/2026, reformulés selon l usage de la famille. Sources : Manutan — Mentions légales Manutan; Manutan — Sangle d’arrimage à crochets et tendeur à cliquet - TMU 2500 kg | AD39: SANGLE D'ARRIMAGE A CROCHETS ET TENDEUR A CLIQUET TMU 2500 KG LONGUEUR 9 M LARGEUR 50 MM | AE39: Saisie d origine uniquement, majuscules/espacement d unités et traduction usuelle sans ajout de caractéristiques. Nature source SANGLE déjà présente : 3/46 codes distincts, soit 6.5%. Conservée même minoritaire. Dominante ELINGUE : 14/46, soit 30.4% ; seuil d éligibilité 30 %, jamais une validation technique. | AJ39: Aucune photo trouvée | AM39: =HYPERLINK("https://www.manutan.fr/fr/maf/sangle-d-arrimage-a-crochets-et-tendeur-a-cliquet-tmu-2500-kg","https://www.manutan.fr/fr/maf/sangle-d-arrimage-a-crochets-et-tendeur-a-cliquet-tmu-2500-kg") -> https://www.manutan.fr/fr/maf/sangle-d-arrimage-a-crochets-et-tendeur-a-cliquet-tmu-2500-kg | AN39: Moyen | AO39: La page Manutan A732566 confirme PMS Industrie, 9 m, 50 mm et TMU 2500 kg déjà saisis, mais n’affiche pas la référence fabricant 6E 22 ; les deux lignes Classe A/PMS et Classe B/Générique constituent un doublon interne potentiel à examiner. Contextes internes conservés séparément : Classe A - Article spécifique 114 ; Classe B - Article générique 39. Même référence fournisseur A732566, même désignation et mêmes cotes 9 m / 50 mm / 2500 kg : doublon interne potentiel ; la page fournisseur nomme PMS Industrie, sans effacer le contexte propre à cette ligne. Photo : La page produit ouverte ne renvoie aucune URL de photo admissible dans le contenu consulté. | AQ39: Code et libellé présents au référentiel source ; nature documentée, configuration exacte restant à contrôler si la preuve est de série. | AS39: Champ vide conservé ; aucune machine inventée pour ce composant de commerce.
B40: Fabrice BERANGER | C40: 46032 | D40: DM0803-AAM1BB0E0LFA-471 | E40: Générique | F40: =LEN(G40) -> 14 | G40: TAMBOUR MOTEUR | H40: 150530 MOTEURS : MOTOTAMBOURS | J40: EA | K40: EA | L40: Non | M40: INTERROLL | N40: 38849 | O40: DM0803-AAM1BB0E0LFA-471 | P40: VAULX VRAUCOURT | W40: INTERROLL SAS | Y40: Série/gamme confirmée - configuration exacte non confirmée ; VALIDER - CHAMPS NON CONFIRMES | AA40: VIDE : aucun libellé officiel constructeur de la variante exacte n est confirmé. Une série, une société ou un libellé de distributeur ne remplace pas cette preuve. | AB40: TAMBOUR MOTEUR SERIE DM0080 - CONFIGURATION TENSION ET LARGEUR A VALIDER | AC40: Termes techniques issus exclusivement des sources vérifiées du 07/10/2026, reformulés selon l usage de la famille. Portée limitée à la série : cette proposition ne valide pas la variante ni les détails de saisie exclus des sources. Sources : Interroll — Drum Motor DM0080 — famille configurable; Interroll — Office responsible for France — INTERROLL SAS | AD40: TAMBOUR MOTEUR | AE40: Saisie d origine uniquement, majuscules/espacement d unités et traduction usuelle sans ajout de caractéristiques. Nature source TAMBOUR déjà présente : 154/208 codes distincts, soit 74.0%. Conservée même minoritaire. Dominante TAMBOUR : 154/208, soit 74.0% ; seuil d éligibilité 30 %, jamais une validation technique. | AJ40: Aucune photo trouvée | AL40: =HYPERLINK("https://www.interroll.com/products/drum-motors/series-dm-0080","https://www.interroll.com/products/drum-motors/series-dm-0080") -> https://www.interroll.com/products/drum-motors/series-dm-0080 | AN40: Faible | AO40: Interroll confirme la famille configurable DM0080 et son bureau fournisseur français INTERROLL SAS, mais les recherches exactes ne prouvent pas le code DM0803-AAM1BB0E0LFA-471, ses suffixes, sa tension ou sa largeur, et aucune référence sœur n’a été utilisée comme preuve exacte. La marque est laissée non confirmée : les sources identifient une société ou une série, pas le fabricant de la variante demandée. Photo : Les sorties web consultées ne fournissent aucune URL complète d'image éditeur admissible rattachée à cette référence; aucune recherche d'images dédiée effectuée. | AQ40: Code et libellé présents au référentiel source ; nature documentée, configuration exacte restant à contrôler si la preuve est de série. | AS40: Champ vide conservé ; aucune machine inventée pour ce composant de commerce.
A41: B | B41: Fabrice BERANGER | C41: 46032 | D41: 64101025 | E41: Générique | F41: =LEN(G41) -> 11 | G41: PIGNON FIXE | H41: 150330 CHAINES / PIGNONS : PLASTIQUE | J41: EA | K41: EA | L41: Non | M41: INTERROLL | N41: 38849 | O41: 64101025 | P41: VAULX VRAUCOURT | U41: 64101025 | V41: Interroll | W41: INTERROLL SAS | X41: 64101025 | Y41: Référence et marque confirmées (constructeur) | Z41: PIGNON FIXE POUR TAMBOUR MOTEUR DM0080, BANDE INTRALOX SÉRIE 900 | AA41: Reformulation française du libellé constructeur de la référence vérifiée. Source : Interroll — DM SERIES OPTIONS AND ACCESSORIES — SPROCKETS, 01/2025; Interroll — Office responsible for France — INTERROLL SAS | AB41: PIGNON FIXE 15 DENTS POLYCETONE INSERT INOX POUR DM0080 ET BANDE INTRALOX SERIE 900 | AC41: Termes techniques issus exclusivement des sources vérifiées du 07/10/2026, reformulés selon l usage de la famille. Sources : Interroll — DM SERIES OPTIONS AND ACCESSORIES — SPROCKETS, 01/2025; Interroll — Office responsible for France — INTERROLL SAS | AD41: PIGNON FIXE | AE41: Saisie d origine uniquement, majuscules/espacement d unités et traduction usuelle sans ajout de caractéristiques. Nature source PIGNON déjà présente : 30/44 codes distincts, soit 68.2%. Conservée même minoritaire. Dominante PIGNON : 30/44, soit 68.2% ; seuil d éligibilité 30 %, jamais une validation technique. | AJ41: Aucune photo trouvée | AK41: =HYPERLINK("https://www.interroll.com/fileadmin/products/product_data/DM_Sprockets/DM_Sprockets_EN.pdf","https://www.interroll.com/fileadmin/products/product_data/DM_Sprockets/DM_Sprockets_EN.pdf") -> https://www.interroll.com/fileadmin/products/product_data/DM_Sprockets/DM_Sprockets_EN.pdf | AN41: Élevé | AO41: La fiche officielle Interroll DM Sprockets 01/2025 identifie exactement 64101025 comme pignon fixe pour DM0080/Intralox 900 avec 15 dents et diamètres 81,7/134,7/130,7 mm, tandis que la page France vérifie INTERROLL SAS. Photo : Les sorties web consultées ne fournissent aucune URL complète d'image éditeur admissible rattachée à cette référence; aucune recherche d'images dédiée effectuée. | AQ41: Code et libellé présents au référentiel source ; nature documentée, configuration exacte restant à contrôler si la preuve est de série. | AS41: Champ vide conservé ; aucune machine inventée pour ce composant de commerce.
A42: B | B42: Fabrice BERANGER | C42: 46032 | D42: 64100986 | E42: Générique | F42: =LEN(G42) -> 13 | G42: PIGNON MOBILE | H42: 150330 CHAINES / PIGNONS : PLASTIQUE | J42: EA | K42: EA | L42: Non | M42: INTERROLL | N42: 38849 | O42: 64100986 | P42: VAULX VRAUCOURT | U42: 64100986 | V42: Interroll | W42: INTERROLL SAS | X42: 64100986 | Y42: Référence et marque confirmées (constructeur) | Z42: PIGNON FLOTTANT POUR TAMBOUR MOTEUR DM0080, BANDE INTRALOX SÉRIE 900 | AA42: Reformulation française du libellé constructeur de la référence vérifiée. Source : Interroll — DM SERIES OPTIONS AND ACCESSORIES — SPROCKETS, 01/2025; Interroll — Office responsible for France — INTERROLL SAS | AB42: PIGNON FLOTTANT 15 DENTS POLYCETONE INSERT INOX POUR DM0080 ET BANDE INTRALOX SERIE 900 | AC42: Termes techniques issus exclusivement des sources vérifiées du 07/10/2026, reformulés selon l usage de la famille. Sources : Interroll — DM SERIES OPTIONS AND ACCESSORIES — SPROCKETS, 01/2025; Interroll — Office responsible for France — INTERROLL SAS | AD42: PIGNON MOBILE | AE42: Saisie d origine uniquement, majuscules/espacement d unités et traduction usuelle sans ajout de caractéristiques. Nature source PIGNON déjà présente : 30/44 codes distincts, soit 68.2%. Conservée même minoritaire. Dominante PIGNON : 30/44, soit 68.2% ; seuil d éligibilité 30 %, jamais une validation technique. | AJ42: Aucune photo trouvée | AK42: =HYPERLINK("https://www.interroll.com/fileadmin/products/product_data/DM_Sprockets/DM_Sprockets_EN.pdf","https://www.interroll.com/fileadmin/products/product_data/DM_Sprockets/DM_Sprockets_EN.pdf") -> https://www.interroll.com/fileadmin/products/product_data/DM_Sprockets/DM_Sprockets_EN.pdf | AN42: Élevé | AO42: La fiche officielle Interroll DM Sprockets 01/2025 identifie exactement 64100986 comme pignon flottant pour DM0080/Intralox 900 avec 15 dents et diamètres 81,7/134,7/130,7 mm, tandis que la page France vérifie INTERROLL SAS. Photo : Les sorties web consultées ne fournissent aucune URL complète d'image éditeur admissible rattachée à cette référence; aucune recherche d'images dédiée effectuée. | AQ42: Code et libellé présents au référentiel source ; nature documentée, configuration exacte restant à contrôler si la preuve est de série. | AS42: Champ vide conservé ; aucune machine inventée pour ce composant de commerce.
A43: B | B43: Cédric BOMPAY | C43: 46300 | D43: 2LR5-1 | E43: Générique | F43: =LEN(G43) -> 27 | G43: BANDE PVC BLEU 2135X580 FSF | H43: 100400 CONVOYAGE A BANDES PLASTIQUES | J43: EA | K43: EA | L43: NON | M43: GAUCHY TECH ACTIV AXION | N43: 114198 | O43: 2LR5-1 | P43: VAULX VRAUCOURT | Q43: https://bonduelleprd-my.sharepoint.com/:b:/r/personal/cedric_bompay_bonduelle_com/Documents/CREATIONS%20ARTICLES%20COSWIN/DEVIS%20BANDE%202135X580.pdf?d=w890c54435bf14a36ae3a248a7d874453&csf=1&web=1&e=civ7Xo | R43: 087343 | S43: 46303 | W43: GAUCHY TECH ACTIV AXION (GTAA) | X43: 2LR5-1 | Y43: Confirmé par devis fournisseur ; VALIDER - CHAMPS NON CONFIRMES | AA43: VIDE : aucun libellé officiel constructeur de la variante exacte n est confirmé. Une série, une société ou un libellé de distributeur ne remplace pas cette preuve. | AB43: BANDE PVC BLEU 2135X580 MM TYPE 2LR5-1 FINITION FSF | AC43: Termes techniques issus exclusivement des sources vérifiées du 07/10/2026, reformulés selon l usage de la famille. Sources : Annuaire des Entreprises / DINUM — GAUCHY TECH ACTIV AXION (GTAA); GTAa — DEVIS BANDE 2135X580.pdf — Page 1 — ligne PALETISEUR 1/2, devis DE26598 Le devis DE26598 du 15/09/2026, page 1, confirme BLEU et 2135 X 580 mm ; FSF est conservé comme libellé non expliqué. Aucun fabricant physique attribué. | AD43: BANDE PVC BLEU 2135X580 FSF | AE43: Saisie d origine uniquement, majuscules/espacement d unités et traduction usuelle sans ajout de caractéristiques. Nature source BANDE déjà présente : 167/269 codes distincts, soit 62.1%. Conservée même minoritaire. Dominante BANDE : 167/269, soit 62.1% ; seuil d éligibilité 30 %, jamais une validation technique. | AJ43: Aucune photo trouvée | AK43: =HYPERLINK("https://bonduelleprd-my.sharepoint.com/:b:/r/personal/cedric_bompay_bonduelle_com/Documents/CREATIONS%20ARTICLES%20COSWIN/DEVIS%20BANDE%202135X580.pdf?d=w890c54435bf14a36ae3a248a7d874453&csf=1&web=1&e=civ7Xo","https://bonduelleprd-my.sharepoint.com/:b:/r/personal/cedric_bompay_bonduelle_com/Documents/CREATIONS%20ARTICLES%20COSWIN/DEVIS%20BANDE%202135X580.pdf?d=w890c54435bf14a36ae3a248a7d874453&csf=1&web=1&e=civ7Xo") -> https://bonduelleprd-my.sharepoint.com/:b:/r/personal/cedric_bompay_bonduelle_com/Documents/CREATIONS%20ARTICLES%20COSWIN/DEVIS%20BANDE%202135X580.pdf?d=w890c54435bf14a36ae3a248a7d874453&csf=1&web=1&e=civ7Xo | AN43: Moyen | AO43: Le devis GTAa DE26598 du 15/09/2026 fourni pour ce contrôle confirme la confection 2LR5-1 PVC BLEU 2135X580 FSF et l’Annuaire des Entreprises confirme GAUCHY TECH ACTIV AXION (GTAA), sans révéler fabricant ni signification de FSF. Photo : Confection sur devis : absence normale de photo catalogue exacte ; aucune URL image admissible obtenue. | AP43: 100410 CONVOYAGE A BANDES PLASTIQUES : BANDES | AQ43: VALIDER - FAMILLE PROPOSEE : Nature bande PVC prouvée par devis de confection ; sous-famille BANDES du référentiel. | AS43: Champ vide conservé ; aucune machine inventée pour ce composant de commerce.
A44: B | B44: Romain DELAMOTTE | C44: 46152 | D44: SERIE 2400 LARGEUR 200 | E44: Générique | F44: =LEN(G44) -> 59 | G44: TAPIS INTRALOX SERIE 2400 RADIUS FLUSH GRID 2,2 LARGEUR 200 | H44: 0183 CONVOYAGE : CONVOYEUR A BANDE MODULAIRE | I44: / | J44: EA | K44: EA | M44: INTRALOX | N44: 144465 | O44: SERIE 2400 LARGEUR 200 | P44: ESTREES | T44: Marque et référence INTRALOX, non générique. Merci de déplacer cet article en classe A | W44: Intralox | Y44: Série/gamme confirmée - configuration exacte non confirmée ; VALIDER - DOUBLON INTERNE POTENTIEL ; VALIDER - CHAMPS NON CONFIRMES | AA44: VIDE : aucun libellé officiel constructeur de la variante exacte n est confirmé. Une série, une société ou un libellé de distributeur ne remplace pas cette preuve. | AB44: TAPIS MODULAIRE PLASTIQUE SERIE 2400 RADIUS FLUSH GRID 2,2 PAS 25,4 MM - CONFECTION A VALIDER | AC44: Termes techniques issus exclusivement des sources vérifiées du 07/10/2026, reformulés selon l usage de la famille. Portée limitée à la série : cette proposition ne valide pas la variante ni les détails de saisie exclus des sources. Sources : Intralox — Series 2400 Radius Flush Grid (2.2) | AD44: TAPIS INTRALOX SERIE 2400 RADIUS FLUSH GRID 2,2 LARGEUR 200 | AE44: Saisie d origine uniquement, majuscules/espacement d unités et traduction usuelle sans ajout de caractéristiques. Convention de famille non disponible dans la base fraîche ; nature source conservée. | AJ44: Aucune photo trouvée | AL44: =HYPERLINK("https://www.intralox.com/de/belt-finder/modular-plastic-belting/series-2400/radius-flush-grid-2-2","https://www.intralox.com/de/belt-finder/modular-plastic-belting/series-2400/radius-flush-grid-2-2") -> https://www.intralox.com/de/belt-finder/modular-plastic-belting/series-2400/radius-flush-grid-2-2 | AN44: Faible | AO44: La page officielle Intralox Série 2400 Radius Flush Grid (2.2) confirme la famille mais demande une validation des dimensions précises, sans publier « SERIE 2400 LARGEUR 200 », et les deux contextes de saisie sont conservés séparément. La marque est laissée non confirmée : les sources identifient une société ou une série, pas le fabricant de la variante demandée. Contextes internes conservés séparément : Classe A - Article spécifique 517 ; Classe B - Article générique 44. Marque saisie Générique : désignation nommant Intralox, preuve limitée à la famille, pas à la pièce achetée. Même ref et désignation dans deux classes : doublon interne potentiel, sans fusion des contextes. Photo : Confection à largeur saisie : absence normale de photo exacte ; la page de série ouverte ne renvoie aucune URL d’image éditeur exploitable. | AP44: 100410 CONVOYAGE A BANDES PLASTIQUES : BANDES | AQ44: VALIDER - FAMILLE PROPOSEE : Tapis modulaire plastique de série documenté ; code saisi 0183 absent du référentiel source. | AS44: Champ vide conservé ; aucune machine inventée pour ce composant de commerce.
A45: B | B45: Nicolas CAPLIER | C45: 46300 | D45: 90X125X12 | E45: Générique | F45: =LEN(G45) -> 41 | G45: BAGUE ETANCHEITE DOUBLE LEVRE 90X125X12MM | H45: 150350 CHAINES / PIGNONS : BAGUES ETANCHEITE | J45: EA | K45: EA | L45: NON | M45: NOYER SAFIA | N45: 6248 | O45: 13455090 / 73699754 | P45: ESTREES | Q45: DEVIS | R45: 087338 | S45: 46302 | W45: NOYER SAFIA | Y45: Non confirmé - aucune source publique trouvée ; VALIDER - CHAMPS NON CONFIRMES | AA45: VIDE : aucun libellé officiel constructeur de la variante exacte n est confirmé. Une série, une société ou un libellé de distributeur ne remplace pas cette preuve. | AB45: ARTICLE A IDENTIFIER - REFERENCE 90X125X12 | AC45: Proposition transparente, non validée : aucune nature produit de cette référence n est suffisamment prouvée par une source officielle/distributeur fiable ou une correspondance de base contextualisée. La saisie brute n est pas présentée comme vérifiée. | AD45: BAGUE ETANCHEITE DOUBLE LEVRE 90X125X12 MM | AE45: Saisie d origine uniquement, majuscules/espacement d unités et traduction usuelle sans ajout de caractéristiques. Nature source BAGUE déjà présente : 1203/1274 codes distincts, soit 94.4%. Conservée même minoritaire. Dominante BAGUE : 1203/1274, soit 94.4% ; seuil d éligibilité 30 %, jamais une validation technique. | AJ45: Aucune photo trouvée | AL45: =HYPERLINK("https://www.skf.com/my/products/industrial-seals/power-transmission-seals/radial-shaft-seals/productid-90X125X12%20CRW1%20V","https://www.skf.com/my/products/industrial-seals/power-transmission-seals/radial-shaft-seals/productid-90X125X12%20CRW1%20V") -> https://www.skf.com/my/products/industrial-seals/power-transmission-seals/radial-shaft-seals/productid-90X125X12%20CRW1%20V | AN45: Faible | AO45: Les recherches des codes NOYER SAFIA 13455090 et 73699754 n’aboutissent pas à une pièce identifiable, et la page SKF 90X125X12 CRW1 V démontre seulement qu’une autre matière et un autre profil existent aux mêmes cotes, sans confirmer marque, NBR ou AS pour l’achat saisi. Photo : Aucune URL d’image éditeur exploitable n’a été renvoyée par les pages consultées. | AQ45: VALIDER - CODE FAMILLE VALIDE DANS LE REFERENTIEL ; adéquation technique non confirmée faute de nature sourcée. | AS45: Champ vide conservé ; aucune machine inventée pour ce composant de commerce.
A46: B | B46: Fabrice BERANGER | C46: 46183 | D46: 2139966 | E46: Générique | F46: =LEN(G46) -> 70 | G46: YG8U14- C20UA3M2A14 Connecteurs et cables pour capteurs et actionneurs | H46: 105510 COMPOSANTS DE CABLAGE : CABLES | J46: EA | K46: EA | L46: NON | M46: SICK | N46: 24741 | O46: 2139966 | P46: VAULX VRAUCOURT | U46: 2139966 | V46: SICK | W46: SICK | X46: 2139966 | Y46: Référence et marque confirmées (constructeur) | Z46: CÂBLE CAPTEUR / ACTIONNEUR | AA46: Reformulation française du libellé constructeur de la référence vérifiée. Source : SICK — YG8U14-C20UA3M2A14, Data sheet; Sonepar — Sick 2139966 — YG8U14-C20UA3M2A14; Annuaire des Entreprises — Société SICK — SIREN 972204770 | AB46: CABLE CAPTEUR ACTIONNEUR FEMELLE M8 COUDEE MALE M12 DROIT 4 POLES PUR LONGUEUR 0,2 M | AC46: Termes techniques issus exclusivement des sources vérifiées du 07/10/2026, reformulés selon l usage de la famille. Sources : SICK — YG8U14-C20UA3M2A14, Data sheet; Sonepar — Sick 2139966 — YG8U14-C20UA3M2A14; Annuaire des Entreprises — Société SICK — SIREN 972204770 | AD46: YG8U14- C20UA3M2A14 CONNECTEURS ET CABLES POUR CAPTEURS ET ACTIONNEURS | AE46: Saisie d origine uniquement, majuscules/espacement d unités et traduction usuelle sans ajout de caractéristiques. Nature source conservée sans substitution sémantique : 146 codes distincts de famille. Dominante CABLE : 127/146, soit 87.0% ; seuil d éligibilité 30 %, jamais une validation technique. | AJ46: Aucune photo trouvée | AK46: =HYPERLINK("https://www.sick.com/media/pdf/0/80/180/dataSheet_YG8U14-C20UA3M2A14_2139966_en.pdf","https://www.sick.com/media/pdf/0/80/180/dataSheet_YG8U14-C20UA3M2A14_2139966_en.pdf") -> https://www.sick.com/media/pdf/0/80/180/dataSheet_YG8U14-C20UA3M2A14_2139966_en.pdf | AM46: =HYPERLINK("https://www.sonepar.fr/catalog/fr-fr/products/sick-connecteurs-et-cables-yg8u14-c20ua3m2a14-00067027146","https://www.sonepar.fr/catalog/fr-fr/products/sick-connecteurs-et-cables-yg8u14-c20ua3m2a14-00067027146") -> https://www.sonepar.fr/catalog/fr-fr/products/sick-connecteurs-et-cables-yg8u14-c20ua3m2a14-00067027146 | AN46: Élevé | AO46: La fiche SICK YG8U14-C20UA3M2A14 confirme le n° 2139966 et les connexions, recoupés par Sonepar, et l’Annuaire des Entreprises vérifie le fournisseur SICK. Photo : Les sorties de consultation des pages consultées fournissent du texte sans URL d’image éditeur pleine résolution vérifiable ; aucune image retenue. | AQ46: Code et libellé présents au référentiel source ; nature documentée, configuration exacte restant à contrôler si la preuve est de série. | AS46: Champ vide conservé ; aucune machine inventée pour ce composant de commerce.
A47: B | B47: Romain DELAMOTTE | C47: 46183 | D47: CRDSNU-B-20-50-PPS-A-MG-A1 | E47: Générique | F47: =LEN(G47) -> 42 | G47: VERIN NORMALISE CRDSNU-B-20-50-PPS-A-MG-A1 | H47: 141100 PNEUMATIQUE : VERINS | J47: EA | K47: EA | L47: NON | M47: FESTO | N47: 14436 | O47: CRDSNU-B-20-50-PPS-A-MG-A1 | P47: ESTREES | Q47: Saisie par T DIVRY | U47: CRDSNU-B-20-50-PPS-A-MG-A1 | V47: Festo | W47: Festo E.U.R.L. | X47: CRDSNU-B-20-50-PPS-A-MG-A1 | Y47: Référence et marque confirmées (constructeur) | Z47: VÉRIN NORMALISÉ | AA47: Reformulation française du libellé constructeur de la référence vérifiée. Source : Festo — ISO cylinder CRDSNU-B-20-50-PPS-A-MG-A1 — 8073977; Festo — CRDSNU-B-20-50-PPS-A-MG-A1 — Part number 8073977 | AB47: VERIN DOUBLE EFFET INOX D 20 MM COURSE 50 MM AMORTISSEMENT PNEUMATIQUE AUTOREGLABLE | AC47: Termes techniques issus exclusivement des sources vérifiées du 07/10/2026, reformulés selon l usage de la famille. Sources : Festo — ISO cylinder CRDSNU-B-20-50-PPS-A-MG-A1 — 8073977; Festo — CRDSNU-B-20-50-PPS-A-MG-A1 — Part number 8073977; Festo France — Mentions légales — Festo E.U.R.L. | AD47: VERIN NORMALISE CRDSNU-B-20-50-PPS-A-MG-A1 | AE47: Saisie d origine uniquement, majuscules/espacement d unités et traduction usuelle sans ajout de caractéristiques. Nature source VERIN déjà présente : 742/1018 codes distincts, soit 72.9%. Conservée même minoritaire. Dominante VERIN : 742/1018, soit 72.9% ; seuil d éligibilité 30 %, jamais une validation technique. | AJ47: Aucune photo trouvée | AK47: =HYPERLINK("https://ftp.festo.com/Public/PNEUMATIC/SOFTWARE_SERVICE/Datasheet/EN_US/8073977.pdf","https://ftp.festo.com/Public/PNEUMATIC/SOFTWARE_SERVICE/Datasheet/EN_US/8073977.pdf") -> https://ftp.festo.com/Public/PNEUMATIC/SOFTWARE_SERVICE/Datasheet/EN_US/8073977.pdf | AL47: =HYPERLINK("https://www.festo.com/us/en/a/8073977/","https://www.festo.com/us/en/a/8073977/") -> https://www.festo.com/us/en/a/8073977/ | AN47: Élevé | AO47: La page et la fiche exactes Festo valident tous les suffixes de CRDSNU-B-20-50-PPS-A-MG-A1 sous le n° 8073977, et les mentions légales identifient Festo E.U.R.L. Photo : Les sorties de consultation des pages consultées fournissent du texte sans URL d’image éditeur pleine résolution vérifiable ; aucune image retenue. | AQ47: Code et libellé présents au référentiel source ; nature documentée, configuration exacte restant à contrôler si la preuve est de série. | AS47: Champ vide conservé ; aucune machine inventée pour ce composant de commerce.
A48: B | B48: Romain DELAMOTTE | C48: 46183 | D48: FH48B.60:1.IEC80 | E48: Générique | F48: =LEN(G48) -> 11 | G48: =UPPER(F48) -> 0 | H48: 150700 REDUCTEURS / MOTOREDUCTEURS | J48: EA | K48: EA | L48: NON | M48: DERTEC | O48: FH48B.60:1.IEC80 | P48: ESTREES | Q48: Saisie par T DIVRY | W48: Dertec | Y48: Erreur de saisie source à corriger ; Série/gamme confirmée - configuration exacte non confirmée ; VALIDER - CHAMPS NON CONFIRMES | AA48: VIDE : aucun libellé officiel constructeur de la variante exacte n est confirmé. Une série, une société ou un libellé de distributeur ne remplace pas cette preuve. | AB48: REDUCTEUR HYPOIDE FH48B INOX AISI316 RAPPORT NOMINAL 60 - ADAPTATION IEC80 A VALIDER | AC48: Termes techniques issus exclusivement des sources vérifiées du 07/10/2026, reformulés selon l usage de la famille. Portée limitée à la série : cette proposition ne valide pas la variante ni les détails de saisie exclus des sources. Sources : Dertec — Stainless Steel FH Hypoid Bevel Gearbox; Dertec — Dertec | Gearboxes, motors and hygienic components (siège Sassenheim, Pays-Bas) | AD48: DESIGNATION SOURCE INEXPLOITABLE - REFERENCE FH48B.60:1.IEC80 | AE48: La désignation source est une formule à résultat 0, et non un libellé produit. Proposition transparente de signalement, sans caractéristiques externes. | AJ48: Aucune photo trouvée | AK48: =HYPERLINK("https://www.dertec.com/images/downloads/brochures/FH-Hypoid-Bevel-Gearboxes.pdf","https://www.dertec.com/images/downloads/brochures/FH-Hypoid-Bevel-Gearboxes.pdf") -> https://www.dertec.com/images/downloads/brochures/FH-Hypoid-Bevel-Gearboxes.pdf | AN48: Faible | AO48: Le catalogue officiel Dertec FH documente FH48B et le rapport nominal 60 (réel 59,44), mais pas la référence complète FH48B.60:1.IEC80; les documents sources de cette exécution établit que =UPPER(F48) produit 0, erreur source à corriger et jamais à confirmer comme désignation ; le fournisseur saisi Dertec est vérifié par son site officiel (siège Sassenheim, Pays-Bas), sans code fournisseur publié. La marque est laissée non confirmée : les sources identifient une société ou une série, pas le fabricant de la variante demandée. Photo : Les sorties web consultées ne fournissent aucune URL complète d'image éditeur admissible rattachée à cette référence; aucune recherche d'images dédiée effectuée. | AQ48: Code et libellé présents au référentiel source ; nature documentée, configuration exacte restant à contrôler si la preuve est de série. | AS48: Champ vide conservé ; aucune machine inventée pour ce composant de commerce.
A49: B | E49: Générique | F49: =LEN(G49) -> 0
A50: B | E50: Générique | F50: =LEN(G50) -> 0
A51: B | E51: Générique | F51: =LEN(G51) -> 0
A52: B | E52: Générique | F52: =LEN(G52) -> 0
A53: B | E53: Générique | F53: =LEN(G53) -> 0
A54: B | E54: Générique | F54: =LEN(G54) -> 0
A55: B | E55: Générique | F55: =LEN(G55) -> 0
A56: B | E56: Générique | F56: =LEN(G56) -> 0
A57: B | E57: Générique | F57: =LEN(G57) -> 0
A58: B | E58: Générique | F58: =LEN(G58) -> 0
A59: B | E59: Générique | F59: =LEN(G59) -> 0
A60: B | E60: Générique | F60: =LEN(G60) -> 0
... A89: B | E89: Générique | F89: =LEN(G89) -> 0
A90: B | E90: Générique | F90: =LEN(G91) -> 0
A91: B | E91: Générique | F91: =LEN(#REF!) -> #REF!
A92: B | E92: Générique | F92: =LEN(G92) -> 0
A93: B | E93: Générique | F93: =LEN(G93) -> 0
A94: B | E94: Générique | F94: =LEN(G94) -> 0
A95: B | E95: Générique | F95: =LEN(G95) -> 0
A96: B | E96: Générique | F96: =LEN(G96) -> 0
A97: B | E97: Générique | F97: =LEN(G97) -> 0
A98: B | E98: Générique | F98: =LEN(G98) -> 0
A99: B | E99: Générique | F99: =LEN(G99) -> 0
A100: B | E100: Générique | F100: =LEN(G100) -> 0
A101: B | E101: Générique | F101: =LEN(G101) -> 0
A102: B | E102: Générique | F102: =LEN(G102) -> 0
A103: B | E103: Générique | F103: =LEN(G103) -> 0
... A920: B | E920: Générique | F920: =LEN(G920) -> 0

Sheet Ne pas modifier
A1: Version du 31/08/2026​ | D1: Familles COSWIN au 31/08/2026 | E1: 100000 CONVOYAGE TRANSPORT | G1: Sites | H1: BATTIPAGLIA | J1: RÉFÉRENTIEL COSWIN — COPIE DE L ORIGINAL
E2: 100100 ALIGNEURS | H2: BORDERES | J2: Portée | K2: Conservation
E3: 100200 CONVOYAGE A BANDES MAGNETIQUES | H3: DOUE LA FONTAINE | J3: Cellules A:I | K3: Contenu source conservé sans ajout, tri ni correction dans ces colonnes.
E4: 100300 CONVOYAGE A BANDES METALLIQUES | H4: DSI vda | J4: Familles E1:E805 | K4: 800 codes famille valides distincts et 5 entrées non normalisées ; les 805 lignes sont conservées.
E5: 100400 CONVOYAGE A BANDES PLASTIQUES | H5: ESTREES | J5: Usage | K5: Les corrections sont proposées exclusivement dans les colonnes de contrôle des demandes.
E6: 100401 CONVOYAGE A BANDES PLASTIQUES : AUTRES | H6: LA TOURTE
E7: 100410 CONVOYAGE A BANDES PLASTIQUES : BANDES | H7: LABENNE
E8: 100420 CONVOYAGE A BANDES PLASTIQUES : FIXATION ET SUPPORTS | H8: LAGER REUTLINGEN
A9: Oui | E9: 100430 CONVOYAGE A BANDES PLASTIQUES : ROULEAUX | H9: LAGER STRAELEN
A10: Non | E10: 100500 CONVOYAGE A CABLES | H10: MONTREUIL BELLAY
E11: 100600 CONVOYAGE A CHAINES | H11: RENESCURE
E12: 100601 CONVOYAGE A CHAINES : AUTRES | H12: ROSPORDEN
E13: 100610 CONVOYAGE A CHAINES : CHAINES | H13: RUSSY
E14: 100620 CONVOYAGE A CHAINES : FIXATION ET SUPPORTS | H14: SAINT BENOIST
E15: 100630 CONVOYAGE A CHAINES : GUIDES | H15: SAN PAOLO
E16: 100700 CONVOYAGE A GODETS | H16: SANTAREM
E17: 100800 CONVOYAGE A PINCEMENTS | H17: THOUARS
E18: 100900 CONVOYAGE A PLATEAUX | H18: VAULX VRAUCOURT
E19: 101000 CONVOYAGE A ROULEAUX
E20: 101100 CONVOYAGE A TAPIS A PALETTES
E21: 101101 CONVOYAGE A TAPIS A PALETTES : AUTRES | G21: Référents | H21: Dany BACOT
E22: 101110 CONVOYAGE A TAPIS A PALETTES : FIXATION ET SUPPORTS | H22: Simon DROULERS
E23: 101120 CONVOYAGE A TAPIS A PALETTES : GUIDES | H23: Romain DELAMOTTE
E24: 101130 CONVOYAGE A TAPIS A PALETTES : PALETTES | H24: Nicolas SENS
E25: 101140 CONVOYAGE A TAPIS A PALETTES : PIGNONS | H25: Dimitri SOODTS
E26: 101150 CONVOYAGE A TAPIS A PALETTES : ROULEAUX | H26: Fabrice BERANGER
E27: 101200 CONVOYAGE A VERTEBRES | H27: Jérôme RIMBAULT
E28: 101201 CONVOYAGE A VERTEBRES : AUTRES | H28: Hervé GODIN
E29: 101210 CONVOYAGE A VERTEBRES : CHAINES | H29: Patrice GENET
E30: 101220 CONVOYAGE A VERTEBRES : FIXATION ET SUPPORTS | H30: Vincent DARTHOS
E31: 101230 CONVOYAGE A VERTEBRES : GUIDES | H31: Micael CORADAS
E32: 101300 CONVOYAGE A VIS | H32: Clarisse CHAPELAIN
E33: 101400 CONVOYAGE PESON | H33: Ludovic DANIEL
... E48: 105135 ARMOIRES ET COFFRETS : COFFRET INOX | H48: Cédric BOMPAY
E49: 105140 ARMOIRES ET COFFRETS : COFFRET METAL | H49: Thomas DIVRY | I49: SVP
E50: 105145 ARMOIRES ET COFFRETS : COFFRET PLASTIQUE | H50: Rémi LEFEVRE | I50: SVP
E51: 105150 ARMOIRES ET COFFRETS : GRILLE ET PLAQUE
E52: 105155 ARMOIRES ET COFFRETS : JEU DE BARRES ET REPARTITEURS
E53: 105160 ARMOIRES ET COFFRETS : RAILS
E54: 105165 ARMOIRES ET COFFRETS : TABLEAUX
E55: 105200 AUTOMATISATION
E56: 105201 AUTOMATISATION : ALIMENTATIONS SPECIFIQUES AUTOMATES
E57: 105205 AUTOMATISATION : AUTOMATES PROGRAMMABLES INDUSTRIELS
E58: 105210 AUTOMATISATION : CARTES DE SORTIES API
E59: 105215 AUTOMATISATION : CARTES D'ENTREES API
E60: 105220 AUTOMATISATION : CARTES MEMOIRE API
E61: 105225 AUTOMATISATION : CARTES RESEAUX API
E62: 105230 AUTOMATISATION : COMPOSANTS RESEAUX
... E805: DSI EQUIPEMENTS DSI

Sheet Points à valider
A1: POINTS A VALIDER — DEMANDES NON CODEES DU 07/10/2026
A2: Référence exacte saisie | B2: Onglet actuel | C2: Ligne actuelle | D2: Statut / action | E2: Champs non confirmés | F2: Contrôle famille | G2: Contrôle machine | H2: Confiance | I2: Preuves / limites | J2: Codes de base distincts | K2: Nombre de codes | L2: Qualification base | M2: Groupe interne potentiel | N2: Contribution groupes | O2: IA 1 | P2: IA 2 | Q2: Algorithme
A3: WI 421/16/45.31 | B3: Classe A - Article spécifique | C3: 9 | D3: Série/gamme confirmée - configuration exacte non confirmée ; VALIDER - CHAMPS NON CONFIRMES | E3: Référence constructeur; Marque; Référence fournisseur | F3: VALIDER - FAMILLE PROPOSEE : Aimant vibrant électromagnétique documenté ; la famille moteur à courant continu ne convient pas. | G3: VALIDER - ABREVIATION DE LA MACHINE SAISIE ; aucun équipement nouveau proposé. | H3: Faible | I3: REO publie l’aimant vibrant WI421/16, non le suffixe /45.31 ni les valeurs de plaque saisies, et le site REOVARIAC vérifie le fournisseur REOVARIAC SARL sans code article exact; la portée reste donc série. La marque est laissée non confirmée : les sources identifient une société ou une série, pas le fabricant de la variante demandée. Photo : Les sorties web consultées ne fournissent aucune URL complète d'image éditeur admissible rattachée à cette référence; aucune recherche d'images dédiée effectuée. | K3: =IF(J3="",0,LEN(J3)-LEN(SUBSTITUTE(J3,";",""))+1) -> 0 | N3: =IF(M3="",0,1/COUNTIF($M$3:$M$125,M3)) -> 0 | P3: AIMANT VIBRANT ELECTROMAGNETIQUE REOVIB WI421 - VARIANTE A VALIDER | Q3: VIBRATEUR ELECTROMAGNETIQUE 660 W 200V 3,3A 3000TR/MIN
A4: R97DRN132S4/BE11/V | B4: Classe A - Article spécifique | C4: 102 | D4: Série/gamme confirmée - configuration exacte non confirmée ; VALIDER - CHAMPS NON CONFIRMES | E4: Référence constructeur; Marque; Référence fournisseur | F4: Code et libellé présents au référentiel source ; nature documentée, configuration exacte restant à contrôler si la preuve est de série. | G4: Champ vide conservé ; aucune machine inventée pour ce composant de commerce. | H4: Faible | I4: Les clés officielles SEW 31976336/EN et Gearmotor Nomenclature expliquent R97, DRN132S4, BE11 et /V, mais la page R..DR.. ne prouve ni la combinaison exacte ni 18 tr/min, M3 et Ø60 mm, tandis que les mentions légales vérifient SEW USOCOME SAS. La marque est laissée non confirmée : les sources identifient une société ou une série, pas le fabricant de la variante demandée. Photo : Les sorties web consultées ne fournissent aucune URL complète d'image éditeur admissible rattachée à cette référence; aucune recherche d'images dédiée effectuée. | K4: =IF(J4="",0,LEN(J4)-LEN(SUBSTITUTE(J4,";",""))+1) -> 0 | N4: =IF(M4="",0,1/COUNTIF($M$3:$M$125,M4)) -> 0 | P4: MOTOREDUCTEUR COAXIAL DRN IE3 AVEC FREIN ET VENTILATION - CONFIGURATION A VALIDER | Q4: MOTOREDUCTEUR BUNKER HV - 1461/18 M3 5,5 KW DIAM 60
A5: SA77/TDRN90L4 | B5: Classe A - Article spécifique | C5: 103 | D5: Série/gamme confirmée - configuration exacte non confirmée ; VALIDER - CHAMPS NON CONFIRMES | E5: Marque; Référence fournisseur | F5: Code et libellé présents au référentiel source ; nature documentée, configuration exacte restant à contrôler si la preuve est de série. | G5: Champ vide conservé ; aucune machine inventée pour ce composant de commerce. | H5: Faible | I5: Industrietec publie SA77/TDRN90L4 en 1,5 kW et 50 Hz, corroboré par les clés de désignation officielles SEW, mais son exemplaire à 23 tr/min ne confirme pas la configuration saisie à 20 tr/min, M1B et Ø50 mm; SEW USOCOME SAS est vérifiée par ses mentions légales. La marque est laissée non confirmée : les sources identifient une société ou une série, pas le fabricant de la variante demandée. Photo : Les sorties web consultées ne fournissent aucune URL complète d'image éditeur admissible rattachée à cette référence; aucune recherche d'images dédiée effectuée. | K5: =IF(J5="",0,LEN(J5)-LEN(SUBSTITUTE(J5,";",""))+1) -> 0 | N5: =IF(M5="",0,1/COUNTIF($M$3:$M$125,M5)) -> 0 | P5: MOTOREDUCTEUR A VIS SANS FIN ARBRE CREUX DRN IE3 - CONFIGURATION A VALIDER | Q5: MOTOREDUCTEUR - 1461/20 M1B 1,5 KW ARBRE CREUX DIAM 50
A6: K37DRN90L4 | B6: Classe A - Article spécifique | C6: 104 | D6: Série/gamme confirmée - configuration exacte non confirmée ; VALIDER - CHAMPS NON CONFIRMES | E6: Marque; Référence fournisseur | F6: Code et libellé présents au référentiel source ; nature documentée, configuration exacte restant à contrôler si la preuve est de série. | G6: Champ vide conservé ; aucune machine inventée pour ce composant de commerce. | H6: Faible | I6: La fiche SEW K37 DRN90L4 hébergée chez MRO Supply et la clé officielle valident le type et 1,5 kW, mais l’exemplaire documenté à 60 Hz et 277 tr/min ne valide pas la configuration 1461/112 tr/min de la saisie; SEW USOCOME SAS est vérifiée séparément. La marque est laissée non confirmée : les sources identifient une société ou une série, pas le fabricant de la variante demandée. Photo : Les sorties web consultées ne fournissent aucune URL complète d'image éditeur admissible rattachée à cette référence; aucune recherche d'images dédiée effectuée. | K6: =IF(J6="",0,LEN(J6)-LEN(SUBSTITUTE(J6,";",""))+1) -> 0 | N6: =IF(M6="",0,1/COUNTIF($M$3:$M$125,M6)) -> 0 | P6: MOTOREDUCTEUR A COUPLE CONIQUE DRN IE3 - CONFIGURATION A VALIDER | Q6: MOTOREDUCTEUR - 1461/112 M1B 1,5 KW ARBRE 25X50 MM
A7: ETN 100-080-160 | B7: Classe A - Article spécifique | C7: 106 | D7: Référence confirmée par distributeur ; Série/gamme confirmée - configuration exacte non confirmée ; VALIDER - CHAMPS NON CONFIRMES | E7: Marque; Référence fournisseur | F7: Code et libellé présents au référentiel source ; nature documentée, configuration exacte restant à contrôler si la preuve est de série. | G7: Champ vide conservé ; aucune machine inventée pour ce composant de commerce. | H7: Moyen | I7: Lenntech confirme la référence de base ETN 100-080-160 et les DN100/DN80, KSB confirme uniquement la famille Etanorm, et Kompass vérifie SYDEX FLOW au Portugal, sans preuve du suffixe configuré ni d’une référence chez ce fournisseur. La marque est laissée non confirmée : les sources identifient une société ou une série, pas le fabricant de la variante demandée. Photo : Les sorties web consultées ne fournissent aucune URL complète d'image éditeur admissible rattachée à cette référence; aucune recherche d'images dédiée effectuée. | K7: =IF(J7="",0,LEN(J7)-LEN(SUBSTITUTE(J7,";",""))+1) -> 0 | N7: =IF(M7="",0,1/COUNTIF($M$3:$M$125,M7)) -> 0 | P7: POMPE CENTRIFUGE ETANORM ASPIRATION DN100 REFOULEMENT DN80 - CONFIGURATION A VALIDER | Q7: POMPE CENTRIFUGE BASSE PRESSION ETANORM ETB 100-080-160 GCSBV11WSECD4HHB
A8: CPD25-60-130B | B8: Classe A - Article spécifique | C8: 107 | D8: Non confirmé - aucune source publique trouvée ; VALIDER - CHAMPS NON CONFIRMES | E8: Référence constructeur; Marque; Référence fournisseur | F8: VALIDER - CODE FAMILLE VALIDE DANS LE REFERENTIEL ; adéquation technique non confirmée faute de nature sourcée. | G8: Champ vide conservé ; aucune machine inventée pour ce composant de commerce. | H8: Faible | I8: Les recherches exactes et variantes CPD25-60-130B/CPD2560130B n’ont pas identifié de fiche ni le véritable fabricant INDIFLOW, tandis que Racius vérifie uniquement le fournisseur Lenhasol Aquecimento Central, Lda. Photo : Les sorties web consultées ne fournissent aucune URL complète d'image éditeur admissible rattachée à cette référence; aucune recherche d'images dédiée effectuée. | K8: =IF(J8="",0,LEN(J8)-LEN(SUBSTITUTE(J8,";",""))+1) -> 0 | N8: =IF(M8="",0,1/COUNTIF($M$3:$M$125,M8)) -> 0 | P8: ARTICLE A IDENTIFIER - REFERENCE CPD25-60-130B | Q8: POMPE DE CIRCULATION ELECTRONIQUE
A9: 6E 22 | B9: Classe A - Article spécifique | C9: 114 | D9: Référence confirmée par distributeur ; VALIDER - DOUBLON INTERNE POTENTIEL ; VALIDER - CHAMPS NON CONFIRMES | E9: Référence constructeur | F9: Code et libellé présents au référentiel source ; nature documentée, configuration exacte restant à contrôler si la preuve est de série. | G9: Champ vide conservé ; aucune machine inventée pour ce composant de commerce. | H9: Moyen | I9: La page Manutan A732566 confirme PMS Industrie, 9 m, 50 mm et TMU 2500 kg déjà saisis, mais n’affiche pas la référence fabricant 6E 22 ; les deux lignes Classe A/PMS et Classe B/Générique constituent un doublon interne potentiel à examiner. Contextes internes conservés séparément : Classe A - Article spécifique 114 ; Classe B - Article générique 39. Même référence fournisseur A732566, même désignation et mêmes cotes 9 m / 50 mm / 2500 kg : doublon interne potentiel ; la page fournisseur nomme PMS Industrie, sans effacer le contexte propre à cette ligne. Photo : La page produit ouverte ne renvoie aucune URL de photo admissible dans le contenu consulté. | K9: =IF(J9="",0,LEN(J9)-LEN(SUBSTITUTE(J9,";",""))+1) -> 0 | M9: 6E 22 | N9: =IF(M9="",0,1/COUNTIF($M$3:$M$125,M9)) -> 0.5 | P9: SANGLE D'ARRIMAGE A CLIQUET ET CROCHETS 9 M X 50 MM TMU 2500 KG | Q9: SANGLE D'ARRIMAGE A CROCHETS ET TENDEUR A CLIQUET TMU 2500 KG LONGUEUR 9 M LARGEUR 50 MM
A10: DISQUE LISSE 155X10X1,5MM | B10: Classe A - Article spécifique | C10: 151 | D10: Marque confirmée - référence non publiée ; VALIDER - CHAMPS NON CONFIRMES | E10: Référence constructeur; Marque; Référence fournisseur | F10: VALIDER - CODE FAMILLE VALIDE DANS LE REFERENTIEL ; adéquation technique non confirmée faute de nature sourcée. | G10: Normalisation de la saisie uniquement : majuscules, accents/signes retirés. | H10: Faible | I10: Le site officiel Zenari Engineering confirme le constructeur et sa raison sociale S.N.C., mais ne publie pas DISQUE LISSE 155X10X1,5MM dans les recherches réalisées ; les cotes restent celles de la saisie. La marque est laissée non confirmée : les sources identifient une société ou une série, pas le fabricant de la variante demandée. Photo : Pièce propriétaire : absence normale de photo publique exacte et aucune URL image admissible renvoyée par les pages consultées. | K10: =IF(J10="",0,LEN(J10)-LEN(SUBSTITUTE(J10,";",""))+1) -> 0 | N10: =IF(M10="",0,1/COUNTIF($M$3:$M$125,M10)) -> 0 | P10: ARTICLE A IDENTIFIER - REFERENCE DISQUE LISSE 155X10X1,5MM | Q10: DISQUE LISSE DIAMETRE 155X10X1,5 MM + 6 ENCOCHES 45°
A11: 300184F | B11: Classe A - Article spécifique | C11: 158 | D11: Série/gamme confirmée - configuration exacte non confirmée ; VALIDER - CHAMPS NON CONFIRMES | E11: Référence constructeur; Marque; Référence fournisseur | F11: Code et libellé présents au référentiel source ; nature documentée, configuration exacte restant à contrôler si la preuve est de série. | G11: Normalisation de la saisie uniquement : majuscules, accents/signes retirés. | H11: Faible | I11: JBT Marel atteste la famille Formula et NSF publie FORMULA 450 GREASE™ au nom de John Bean Technologies AB, mais aucune source ne relie le code exact 300184F à ce produit ou à un conditionnement. Photo : Famille Formula et produit NSF attestés, mais code 300184F non rattaché publiquement et aucune URL d’image produit renvoyée par la consultation des pages. | K11: =IF(J11="",0,LEN(J11)-LEN(SUBSTITUTE(J11,";",""))+1) -> 0 | N11: =IF(M11="",0,1/COUNTIF($M$3:$M$125,M11)) -> 0 | P11: GRAISSE FORMULA 450 CONTACT ALIMENTAIRE FORTUIT H1 - CORRESPONDANCE DU CODE A VALIDER 300184F | Q11: GRAISSE FORMULA 450 300184F
A12: 1407698A | B12: Classe A - Article spécifique | C12: 239 | D12: Non confirmé - aucune source publique trouvée ; VALIDER - CHAMPS NON CONFIRMES | E12: Référence constructeur; Marque; Référence fournisseur | F12: VALIDER - CODE FAMILLE VALIDE DANS LE REFERENTIEL ; adéquation technique non confirmée faute de nature sourcée. | G12: Normalisation de la saisie uniquement : majuscules, accents/signes retirés. | H12: Faible | I12: Les recherches propres à 1407698A et les pages générales Parts Town et JBT Marel « Spare parts » ne fournissent aucune fiche exacte exploitable, tandis que Ratsit et Hitta confirment seulement le fournisseur John Bean Technologies AB, la nomenclature machine jointe restant inaccessible. Photo : Aucune URL d’image éditeur exacte vue dans la consultation des pages ; aucune fiche publique de cette pièce saisie comme JBT trouvée et nomenclature jointe inaccessible. | K12: =IF(J12="",0,LEN(J12)-LEN(SUBSTITUTE(J12,";",""))+1) -> 0 | N12: =IF(M12="",0,1/COUNTIF($M$3:$M$125,M12)) -> 0 | P12: ARTICLE A IDENTIFIER - REFERENCE 1407698A | Q12: TUBE 1407698A
A13: 302436C | B13: Classe A - Article spécifique | C13: 240 | D13: Non confirmé - aucune source publique trouvée ; VALIDER - CHAMPS NON CONFIRMES | E13: Référence constructeur; Marque; Référence fournisseur | F13: VALIDER - CODE FAMILLE VALIDE DANS LE REFERENTIEL ; adéquation technique non confirmée faute de nature sourcée. | G13: Normalisation de la saisie uniquement : majuscules, accents/signes retirés. | H13: Faible | I13: Les recherches propres à 302436C et les pages générales Parts Town et JBT Marel « Spare parts » ne fournissent aucune fiche exacte exploitable, tandis que Ratsit et Hitta confirment seulement le fournisseur John Bean Technologies AB, la nomenclature machine jointe restant inaccessible. Photo : Aucune URL d’image éditeur exacte vue dans la consultation des pages ; aucune fiche publique de cette pièce saisie comme JBT trouvée et nomenclature jointe inaccessible. | K13: =IF(J13="",0,LEN(J13)-LEN(SUBSTITUTE(J13,";",""))+1) -> 0 | N13: =IF(M13="",0,1/COUNTIF($M$3:$M$125,M13)) -> 0 | P13: ARTICLE A IDENTIFIER - REFERENCE 302436C | Q13: JOINT 302436C
A14: 308834A | B14: Classe A - Article spécifique | C14: 241 | D14: Non confirmé - aucune source publique trouvée ; VALIDER - CHAMPS NON CONFIRMES | E14: Référence constructeur; Marque; Référence fournisseur | F14: VALIDER - CODE FAMILLE VALIDE DANS LE REFERENTIEL ; adéquation technique non confirmée faute de nature sourcée. | G14: Normalisation de la saisie uniquement : majuscules, accents/signes retirés. | H14: Faible | I14: Les recherches propres à 308834A et les pages générales Parts Town et JBT Marel « Spare parts » ne fournissent aucune fiche exacte exploitable, tandis que Ratsit et Hitta confirment seulement le fournisseur John Bean Technologies AB, la nomenclature machine jointe restant inaccessible. Photo : Aucune URL d’image éditeur exacte vue dans la consultation des pages ; aucune fiche publique de cette pièce saisie comme JBT trouvée et nomenclature jointe inaccessible. | K14: =IF(J14="",0,LEN(J14)-LEN(SUBSTITUTE(J14,";",""))+1) -> 0 | N14: =IF(M14="",0,1/COUNTIF($M$3:$M$125,M14)) -> 0 | P14: ARTICLE A IDENTIFIER - REFERENCE 308834A | Q14: ELECTROVANNE 308834A
A15: 308834D | B15: Classe A - Article spécifique | C15: 242 | D15: Non confirmé - aucune source publique trouvée ; VALIDER - CHAMPS NON CONFIRMES | E15: Référence constructeur; Marque; Référence fournisseur | F15: VALIDER - CODE FAMILLE VALIDE DANS LE REFERENTIEL ; adéquation technique non confirmée faute de nature sourcée. | G15: Normalisation de la saisie uniquement : majuscules, accents/signes retirés. | H15: Faible | I15: Les recherches propres à 308834D et les pages générales Parts Town et JBT Marel « Spare parts » ne fournissent aucune fiche exacte exploitable, tandis que Ratsit et Hitta confirment seulement le fournisseur John Bean Technologies AB, la nomenclature machine jointe restant inaccessible. Photo : Aucune URL d’image éditeur exacte vue dans la consultation des pages ; aucune fiche publique de cette pièce saisie comme JBT trouvée et nomenclature jointe inaccessible. | K15: =IF(J15="",0,LEN(J15)-LEN(SUBSTITUTE(J15,";",""))+1) -> 0 | N15: =IF(M15="",0,1/COUNTIF($M$3:$M$125,M15)) -> 0 | P15: ARTICLE A IDENTIFIER - REFERENCE 308834D | Q15: CONNECTEUR AVEC DIODE DE REDRESSEMENT 308834D
A16: 308835A | B16: Classe A - Article spécifique | C16: 243 | D16: Non confirmé - aucune source publique trouvée ; VALIDER - CHAMPS NON CONFIRMES | E16: Référence constructeur; Marque; Référence fournisseur | F16: VALIDER - CODE FAMILLE VALIDE DANS LE REFERENTIEL ; adéquation technique non confirmée faute de nature sourcée. | G16: Normalisation de la saisie uniquement : majuscules, accents/signes retirés. | H16: Faible | I16: Les recherches propres à 308835A et les pages générales Parts Town et JBT Marel « Spare parts » ne fournissent aucune fiche exacte exploitable, tandis que Ratsit et Hitta confirment seulement le fournisseur John Bean Technologies AB, la nomenclature machine jointe restant inaccessible. Photo : Aucune URL d’image éditeur exacte vue dans la consultation des pages ; aucune fiche publique de cette pièce saisie comme JBT trouvée et nomenclature jointe inaccessible. | K16: =IF(J16="",0,LEN(J16)-LEN(SUBSTITUTE(J16,";",""))+1) -> 0 | N16: =IF(M16="",0,1/COUNTIF($M$3:$M$125,M16)) -> 0 | P16: ARTICLE A IDENTIFIER - REFERENCE 308835A | Q16: RACCORD RAPIDE 308835A
A17: 308835B | B17: Classe A - Article spécifique | C17: 244 | D17: Non confirmé - aucune source publique trouvée ; VALIDER - CHAMPS NON CONFIRMES | E17: Référence constructeur; Marque; Référence fournisseur | F17: VALIDER - CODE FAMILLE VALIDE DANS LE REFERENTIEL ; adéquation technique non confirmée faute de nature sourcée. | G17: Normalisation de la saisie uniquement : majuscules, accents/signes retirés. | H17: Faible | I17: Les recherches propres à 308835B et les pages générales Parts Town et JBT Marel « Spare parts » ne fournissent aucune fiche exacte exploitable, tandis que Ratsit et Hitta confirment seulement le fournisseur John Bean Technologies AB, la nomenclature machine jointe restant inaccessible. Photo : Aucune URL d’image éditeur exacte vue dans la consultation des pages ; aucune fiche publique de cette pièce saisie comme JBT trouvée et nomenclature jointe inaccessible. | K17: =IF(J17="",0,LEN(J17)-LEN(SUBSTITUTE(J17,";",""))+1) -> 0 | N17: =IF(M17="",0,1/COUNTIF($M$3:$M$125,M17)) -> 0 | P17: ARTICLE A IDENTIFIER - REFERENCE 308835B | Q17: PRISE 308835B
A18: 308835C | B18: Classe A - Article spécifique | C18: 245 | D18: Non confirmé - aucune source publique trouvée ; VALIDER - CHAMPS NON CONFIRMES | E18: Référence constructeur; Marque; Référence fournisseur | F18: VALIDER - CODE FAMILLE VALIDE DANS LE REFERENTIEL ; adéquation technique non confirmée faute de nature sourcée. | G18: Normalisation de la saisie uniquement : majuscules, accents/signes retirés. | H18: Faible | I18: Les recherches propres à 308835C et les pages générales Parts Town et JBT Marel « Spare parts » ne fournissent aucune fiche exacte exploitable, tandis que Ratsit et Hitta confirment seulement le fournisseur John Bean Technologies AB, la nomenclature machine jointe restant inaccessible. Photo : Aucune URL d’image éditeur exacte vue dans la consultation des pages ; aucune fiche publique de cette pièce saisie comme JBT trouvée et nomenclature jointe inaccessible. | K18: =IF(J18="",0,LEN(J18)-LEN(SUBSTITUTE(J18,";",""))+1) -> 0 | N18: =IF(M18="",0,1/COUNTIF($M$3:$M$125,M18)) -> 0 | P18: ARTICLE A IDENTIFIER - REFERENCE 308835C | Q18: BOUCHON FILETE 308835C
A19: 308835D | B19: Classe A - Article spécifique | C19: 246 | D19: Non confirmé - aucune source publique trouvée ; VALIDER - CHAMPS NON CONFIRMES | E19: Référence constructeur; Marque; Référence fournisseur | F19: VALIDER - CODE FAMILLE VALIDE DANS LE REFERENTIEL ; adéquation technique non confirmée faute de nature sourcée. | G19: Normalisation de la saisie uniquement : majuscules, accents/signes retirés. | H19: Faible | I19: Les recherches propres à 308835D et les pages générales Parts Town et JBT Marel « Spare parts » ne fournissent aucune fiche exacte exploitable, tandis que Ratsit et Hitta confirment seulement le fournisseur John Bean Technologies AB, la nomenclature machine jointe restant inaccessible. Photo : Aucune URL d’image éditeur exacte vue dans la consultation des pages ; aucune fiche publique de cette pièce saisie comme JBT trouvée et nomenclature jointe inaccessible. | K19: =IF(J19="",0,LEN(J19)-LEN(SUBSTITUTE(J19,";",""))+1) -> 0 | N19: =IF(M19="",0,1/COUNTIF($M$3:$M$125,M19)) -> 0 | P19: ARTICLE A IDENTIFIER - REFERENCE 308835D | Q19: RACCORD RAPIDE 308835D
A20: 308835E | B20: Classe A - Article spécifique | C20: 247 | D20: Non confirmé - aucune source publique trouvée ; VALIDER - CHAMPS NON CONFIRMES | E20: Référence constructeur; Marque; Référence fournisseur | F20: VALIDER - CODE FAMILLE VALIDE DANS LE REFERENTIEL ; adéquation technique non confirmée faute de nature sourcée. | G20: Normalisation de la saisie uniquement : majuscules, accents/signes retirés. | H20: Faible | I20: Les recherches propres à 308835E et les pages générales Parts Town et JBT Marel « Spare parts » ne fournissent aucune fiche exacte exploitable, tandis que Ratsit et Hitta confirment seulement le fournisseur John Bean Technologies AB, la nomenclature machine jointe restant inaccessible. Photo : Aucune URL d’image éditeur exacte vue dans la consultation des pages ; aucune fiche publique de cette pièce saisie comme JBT trouvée et nomenclature jointe inaccessible. | K20: =IF(J20="",0,LEN(J20)-LEN(SUBSTITUTE(J20,";",""))+1) -> 0 | N20: =IF(M20="",0,1/COUNTIF($M$3:$M$125,M20)) -> 0 | P20: ARTICLE A IDENTIFIER - REFERENCE 308835E | Q20: RACCORD BANJO 308835E
A21: 308835F | B21: Classe A - Article spécifique | C21: 248 | D21: Non confirmé - aucune source publique trouvée ; VALIDER - CHAMPS NON CONFIRMES | E21: Référence constructeur; Marque; Référence fournisseur | F21: VALIDER - CODE FAMILLE VALIDE DANS LE REFERENTIEL ; adéquation technique non confirmée faute de nature sourcée. | G21: Normalisation de la saisie uniquement : majuscules, accents/signes retirés. | H21: Faible | I21: Les recherches propres à 308835F et les pages générales Parts Town et JBT Marel « Spare parts » ne fournissent aucune fiche exacte exploitable, tandis que Ratsit et Hitta confirment seulement le fournisseur John Bean Technologies AB, la nomenclature machine jointe restant inaccessible. Photo : Aucune URL d’image éditeur exacte vue dans la consultation des pages ; aucune fiche publique de cette pièce saisie comme JBT trouvée et nomenclature jointe inaccessible. | K21: =IF(J21="",0,LEN(J21)-LEN(SUBSTITUTE(J21,";",""))+1) -> 0 | N21: =IF(M21="",0,1/COUNTIF($M$3:$M$125,M21)) -> 0 | P21: ARTICLE A IDENTIFIER - REFERENCE 308835F | Q21: DISTRIBUTEUR 352 308835F
... A41: 300057C | B41: Classe A - Article spécifique | C41: 268 | D41: Série/gamme confirmée - configuration exacte non confirmée ; VALIDER - CHAMPS NON CONFIRMES | E41: Référence constructeur; Marque; Référence fournisseur | F41: Code et libellé présents au référentiel source ; nature documentée, configuration exacte restant à contrôler si la preuve est de série. | G41: Normalisation de la saisie uniquement : majuscules, accents/signes retirés. | H41: Faible | I41: La page Spraying Systems Co. (https://portal.spray.com/en-us/products/1-2hh-50w) établit la famille FullJet HH-W et la variante voisine 1/2HH-50W, mais ne publie ni la graphie exacte « 1/2 HH SOW » ni le code JBT 300057C, la raison sociale du fournisseur étant vérifiée séparément. La marque est laissée non confirmée : les sources identifient une société ou une série, pas le fabricant de la variante demandée. Photo : Page d’une variante voisine seulement ; images déclarées représentatives et aucune URL d’image admissible exposée. | K41: =IF(J41="",0,LEN(J41)-LEN(SUBSTITUTE(J41,";",""))+1) -> 0 | N41: =IF(M41="",0,1/COUNTIF($M$3:$M$125,M41)) -> 0 | P41: BUSE A JET CONIQUE PLEIN SERIE FULLJET HH W - VARIANTE A VALIDER 300057C | Q41: BUSE DE PULVERISATION /SPRAY NOZZLE 1/2 HH SOW 300057C
A42: 301916H | B42: Classe A - Article spécifique | C42: 269 | D42: Composant standard identifié via la désignation saisie ; code JBT non publié ; VALIDER - CHAMPS NON CONFIRMES | E42: Référence fournisseur | F42: Code et libellé présents au référentiel source ; nature documentée, configuration exacte restant à contrôler si la preuve est de série. | G42: Normalisation de la saisie uniquement : majuscules, accents/signes retirés. | H42: Moyen | I42: La page fabricant Spraying Systems Co. (https://portal.spray.com/en-us/products/hb3-4u-ss80200) publie exactement HB3/4U-SS80200, correspondant aux éléments du code composant saisi « HB3/4 USS80200 » après rétablissement de la ponctuation fabricant, sans établir que le code JBT 301916H désigne ce composant ni sa publication chez John Bean Technologies AB. La référence fabricant du composant est publiée ; le recodage JBT 301916H reste à documenter. Photo : La page fabricant signale des images représentatives pouvant différer en matière/configuration et les outils n’exposent aucune URL d’image exacte admissible. | K42: =IF(J42="",0,LEN(J42)-LEN(SUBSTITUTE(J42,";",""))+1) -> 0 | N42: =IF(M42="",0,1/COUNTIF($M$3:$M$125,M42)) -> 0 | O42: BUSE VEEJET À JET PLAT EN ACIER INOXYDABLE 303, HB3/4U-SS80200 301916H | P42: BUSE VEEJET A JET PLAT INOX 303 RACCORD MALE BSPT 3/4 POUCE 301916H | Q42: BUSE DE PULVERISATION /SPRAY NOZZLE HB3/4 USS80200 301916H
A43: 302406B | B43: Classe A - Article spécifique | C43: 270 | D43: Série/gamme confirmée - configuration exacte non confirmée ; VALIDER - CHAMPS NON CONFIRMES | E43: Référence constructeur; Marque; Référence fournisseur | F43: Code et libellé présents au référentiel source ; nature documentée, configuration exacte restant à contrôler si la preuve est de série. | G43: Normalisation de la saisie uniquement : majuscules, accents/signes retirés. | H43: Faible | I43: Le catalogue officiel Lechler (https://www.lechler.com/fileadmin/media/kataloge/pdfs/industrie/katalog/EN/04_flachstrahl/lechler_flat_fan_nozzles_series_632_633.pdf) établit la famille 632/633 et le type 632.847, sans preuve univoque de la combinaison complète 632.847.16.CC dans le texte extrait des tableaux ni du code JBT 302406B, John Bean Technologies AB étant vérifié séparément. La marque est laissée non confirmée : les sources identifient une société ou une série, pas le fabricant de la variante demandée. Photo : Documentation de famille seulement ; aucune URL d’image éditeur rattachée à la configuration exacte exposée par les pages consultées. | K43: =IF(J43="",0,LEN(J43)-LEN(SUBSTITUTE(J43,";",""))+1) -> 0 | N43: =IF(M43="",0,1/COUNTIF($M$3:$M$125,M43)) -> 0 | P43: BUSE BASSE PRESSION A JET PLAT SERIE 632/633 - VARIANTE A VALIDER 302406B | Q43: BUSE DE PULVERISATION /SPRAY NOZZLE 632.847.16.CC 302406B
A44: 302406C | B44: Classe A - Article spécifique | C44: 271 | D44: Série/gamme confirmée - configuration exacte non confirmée ; VALIDER - CHAMPS NON CONFIRMES | E44: Référence constructeur; Marque; Référence fournisseur | F44: Code et libellé présents au référentiel source ; nature documentée, configuration exacte restant à contrôler si la preuve est de série. | G44: Normalisation de la saisie uniquement : majuscules, accents/signes retirés. | H44: Faible | I44: Le catalogue officiel Lechler (https://www.lechler.com/fileadmin/media/kataloge/pdfs/industrie/katalog/EN/04_flachstrahl/lechler_flat_fan_nozzles_series_632_633.pdf) établit la famille 632/633 et le type 632.964, sans preuve univoque de la combinaison complète 632.964.16.CC dans le texte extrait des tableaux ni du code JBT 302406C, John Bean Technologies AB étant vérifié séparément. La marque est laissée non confirmée : les sources identifient une société ou une série, pas le fabricant de la variante demandée. Photo : Documentation de famille seulement ; aucune URL d’image éditeur rattachée à la configuration exacte exposée par les pages consultées. | K44: =IF(J44="",0,LEN(J44)-LEN(SUBSTITUTE(J44,";",""))+1) -> 0 | N44: =IF(M44="",0,1/COUNTIF($M$3:$M$125,M44)) -> 0 | P44: BUSE BASSE PRESSION A JET PLAT SERIE 632/633 - VARIANTE A VALIDER 302406C | Q44: BUSE DE PULVERISATION /SPRAY NOZZLE 632.964.16.CC 302406C
A45: 302456A | B45: Classe A - Article spécifique | C45: 272 | D45: Non confirmé - aucune source publique trouvée ; VALIDER - CHAMPS NON CONFIRMES | E45: Référence constructeur; Marque; Référence fournisseur | F45: VALIDER - CODE FAMILLE VALIDE DANS LE REFERENTIEL ; adéquation technique non confirmée faute de nature sourcée. | G45: Normalisation de la saisie uniquement : majuscules, accents/signes retirés. | H45: Faible | I45: Les recherches propres à 302456A ne fournissent aucune preuve publique de cette pièce ni de son rattachement à JBT, tandis que John Bean Technologies AB est attesté par Allabolag (https://www.allabolag.se/foretag/john-bean-technologies-ab/helsingborg/producenter/2JYS9ZWI63IK3), Ratsit (https://www.ratsit.se/5560848284-John_Bean_Technologies_AB) et la brochure officielle JBT Marel (https://jbtmarel.com/media/ds3h2i1e/stein-twindrum-600-en.pdf), uniquement pour l’identité du fournisseur. Photo : Aucune URL d’image éditeur rattachée à cette référence n’a été exposée par les pages consultées ; absence normale pour une pièce propriétaire sans fiche publique. | K45: =IF(J45="",0,LEN(J45)-LEN(SUBSTITUTE(J45,";",""))+1) -> 0 | N45: =IF(M45="",0,1/COUNTIF($M$3:$M$125,M45)) -> 0 | P45: ARTICLE A IDENTIFIER - REFERENCE 302456A | Q45: COLLIER DE SERRAGE POUR TUBE 25/33,7/38 302456A
A46: 302457A | B46: Classe A - Article spécifique | C46: 273 | D46: Série/gamme confirmée - configuration exacte non confirmée ; VALIDER - CHAMPS NON CONFIRMES | E46: Référence constructeur; Marque; Référence fournisseur | F46: Code et libellé présents au référentiel source ; nature documentée, configuration exacte restant à contrôler si la preuve est de série. | G46: Normalisation de la saisie uniquement : majuscules, accents/signes retirés. | H46: Faible | I46: La copie tierce « Despiece Tunel Frigoscandia » (https://pdfcookie.com/documents/despiece-tunel-frigoscandia-90259yq78kl1) mentionne exactement 302457A comme « Tube gasket » pour un GYROCOMPACT 600 Classic sous FMC FoodTech, mais ne prouve ni le diamètre 25/type A saisi ni l’application SPI6 ni un rattachement explicite de ce code à JBT, le fournisseur suédois étant vérifié séparément. La copie tierce de nomenclature non authentifiée n est pas utilisée pour valider le produit ou sa nature. Photo : Copie textuelle tierce de nomenclature ; aucune URL d’image éditeur admissible et aucune configuration SPI6 authentifiée. | K46: =IF(J46="",0,LEN(J46)-LEN(SUBSTITUTE(J46,";",""))+1) -> 0 | N46: =IF(M46="",0,1/COUNTIF($M$3:$M$125,M46)) -> 0 | P46: ARTICLE A IDENTIFIER - REFERENCE 302457A | Q46: JOINT DE TUBE 25 TYPE A 302457A
A47: 302457B | B47: Classe A - Article spécifique | C47: 274 | D47: Non confirmé - aucune source publique trouvée ; VALIDER - CHAMPS NON CONFIRMES | E47: Référence constructeur; Marque; Référence fournisseur | F47: VALIDER - CODE FAMILLE VALIDE DANS LE REFERENTIEL ; adéquation technique non confirmée faute de nature sourcée. | G47: Normalisation de la saisie uniquement : majuscules, accents/signes retirés. | H47: Faible | I47: Les recherches propres à 302457B ne fournissent aucune preuve publique de cette pièce ni de son rattachement à JBT, tandis que John Bean Technologies AB est attesté par Allabolag (https://www.allabolag.se/foretag/john-bean-technologies-ab/helsingborg/producenter/2JYS9ZWI63IK3), Ratsit (https://www.ratsit.se/5560848284-John_Bean_Technologies_AB) et la brochure officielle JBT Marel (https://jbtmarel.com/media/ds3h2i1e/stein-twindrum-600-en.pdf), uniquement pour l’identité du fournisseur. Photo : Aucune URL d’image éditeur rattachée à cette référence n’a été exposée par les pages consultées ; absence normale pour une pièce propriétaire sans fiche publique. | K47: =IF(J47="",0,LEN(J47)-LEN(SUBSTITUTE(J47,";",""))+1) -> 0 | N47: =IF(M47="",0,1/COUNTIF($M$3:$M$125,M47)) -> 0 | P47: ARTICLE A IDENTIFIER - REFERENCE 302457B | Q47: JOINT DE TUBE 33,7 TYPE A 302457B
A48: 303864A | B48: Classe A - Article spécifique | C48: 275 | D48: Non confirmé - aucune source publique trouvée ; VALIDER - CHAMPS NON CONFIRMES | E48: Référence constructeur; Marque; Référence fournisseur | F48: VALIDER - CODE FAMILLE VALIDE DANS LE REFERENTIEL ; adéquation technique non confirmée faute de nature sourcée. | G48: Normalisation de la saisie uniquement : majuscules, accents/signes retirés. | H48: Faible | I48: Les recherches propres à 303864A ne fournissent aucune preuve publique de cette pièce ni de son rattachement à JBT, tandis que John Bean Technologies AB est attesté par Allabolag (https://www.allabolag.se/foretag/john-bean-technologies-ab/helsingborg/producenter/2JYS9ZWI63IK3), Ratsit (https://www.ratsit.se/5560848284-John_Bean_Technologies_AB) et la brochure officielle JBT Marel (https://jbtmarel.com/media/ds3h2i1e/stein-twindrum-600-en.pdf), uniquement pour l’identité du fournisseur. Photo : Aucune URL d’image éditeur rattachée à cette référence n’a été exposée par les pages consultées ; absence normale pour une pièce propriétaire sans fiche publique. | K48: =IF(J48="",0,LEN(J48)-LEN(SUBSTITUTE(J48,";",""))+1) -> 0 | N48: =IF(M48="",0,1/COUNTIF($M$3:$M$125,M48)) -> 0 | P48: ARTICLE A IDENTIFIER - REFERENCE 303864A | Q48: BUSE ROTATIVE 303864A
A49: 303864F | B49: Classe A - Article spécifique | C49: 276 | D49: Non confirmé - aucune source publique trouvée ; VALIDER - CHAMPS NON CONFIRMES | E49: Référence constructeur; Marque; Référence fournisseur | F49: VALIDER - CODE FAMILLE VALIDE DANS LE REFERENTIEL ; adéquation technique non confirmée faute de nature sourcée. | G49: Normalisation de la saisie uniquement : majuscules, accents/signes retirés. | H49: Faible | I49: Les recherches propres à 303864F ne fournissent aucune preuve publique de cette pièce ni de son rattachement à JBT, tandis que John Bean Technologies AB est attesté par Allabolag (https://www.allabolag.se/foretag/john-bean-technologies-ab/helsingborg/producenter/2JYS9ZWI63IK3), Ratsit (https://www.ratsit.se/5560848284-John_Bean_Technologies_AB) et la brochure officielle JBT Marel (https://jbtmarel.com/media/ds3h2i1e/stein-twindrum-600-en.pdf), uniquement pour l’identité du fournisseur. Photo : Aucune URL d’image éditeur rattachée à cette référence n’a été exposée par les pages consultées ; absence normale pour une pièce propriétaire sans fiche publique. | K49: =IF(J49="",0,LEN(J49)-LEN(SUBSTITUTE(J49,";",""))+1) -> 0 | N49: =IF(M49="",0,1/COUNTIF($M$3:$M$125,M49)) -> 0 | P49: ARTICLE A IDENTIFIER - REFERENCE 303864F | Q49: BUSE ROTATIVE 303864F
A50: 304912A | B50: Classe A - Article spécifique | C50: 277 | D50: Non confirmé - aucune source publique trouvée ; VALIDER - CHAMPS NON CONFIRMES | E50: Référence constructeur; Marque; Référence fournisseur | F50: VALIDER - CODE FAMILLE VALIDE DANS LE REFERENTIEL ; adéquation technique non confirmée faute de nature sourcée. | G50: Normalisation de la saisie uniquement : majuscules, accents/signes retirés. | H50: Faible | I50: Les recherches propres à 304912A ne fournissent aucune preuve publique de cette pièce ni de son rattachement à JBT, tandis que John Bean Technologies AB est attesté par Allabolag (https://www.allabolag.se/foretag/john-bean-technologies-ab/helsingborg/producenter/2JYS9ZWI63IK3), Ratsit (https://www.ratsit.se/5560848284-John_Bean_Technologies_AB) et la brochure officielle JBT Marel (https://jbtmarel.com/media/ds3h2i1e/stein-twindrum-600-en.pdf), uniquement pour l’identité du fournisseur. Photo : Aucune URL d’image éditeur rattachée à cette référence n’a été exposée par les pages consultées ; absence normale pour une pièce propriétaire sans fiche publique. | K50: =IF(J50="",0,LEN(J50)-LEN(SUBSTITUTE(J50,";",""))+1) -> 0 | N50: =IF(M50="",0,1/COUNTIF($M$3:$M$125,M50)) -> 0 | P50: ARTICLE A IDENTIFIER - REFERENCE 304912A | Q50: VANNE DN20 3/4" 304912A
A51: 304912B | B51: Classe A - Article spécifique | C51: 278 | D51: Non confirmé - aucune source publique trouvée ; VALIDER - CHAMPS NON CONFIRMES | E51: Référence constructeur; Marque; Référence fournisseur | F51: VALIDER - CODE FAMILLE VALIDE DANS LE REFERENTIEL ; adéquation technique non confirmée faute de nature sourcée. | G51: Normalisation de la saisie uniquement : majuscules, accents/signes retirés. | H51: Faible | I51: Les recherches propres à 304912B ne fournissent aucune preuve publique de cette pièce ni de son rattachement à JBT, tandis que John Bean Technologies AB est attesté par Allabolag (https://www.allabolag.se/foretag/john-bean-technologies-ab/helsingborg/producenter/2JYS9ZWI63IK3), Ratsit (https://www.ratsit.se/5560848284-John_Bean_Technologies_AB) et la brochure officielle JBT Marel (https://jbtmarel.com/media/ds3h2i1e/stein-twindrum-600-en.pdf), uniquement pour l’identité du fournisseur. Photo : Aucune URL d’image éditeur rattachée à cette référence n’a été exposée par les pages consultées ; absence normale pour une pièce propriétaire sans fiche publique. | K51: =IF(J51="",0,LEN(J51)-LEN(SUBSTITUTE(J51,";",""))+1) -> 0 | N51: =IF(M51="",0,1/COUNTIF($M$3:$M$125,M51)) -> 0 | P51: ARTICLE A IDENTIFIER - REFERENCE 304912B | Q51: VANNE DN32 1 1/4” 304912B
A52: 305333A | B52: Classe A - Article spécifique | C52: 279 | D52: Non confirmé - aucune source publique trouvée ; VALIDER - CHAMPS NON CONFIRMES | E52: Référence constructeur; Marque; Référence fournisseur | F52: VALIDER - CODE FAMILLE VALIDE DANS LE REFERENTIEL ; adéquation technique non confirmée faute de nature sourcée. | G52: Normalisation de la saisie uniquement : majuscules, accents/signes retirés. | H52: Faible | I52: Les recherches propres à 305333A ne fournissent aucune preuve publique de cette pièce ni de son rattachement à JBT, tandis que John Bean Technologies AB est attesté par Allabolag (https://www.allabolag.se/foretag/john-bean-technologies-ab/helsingborg/producenter/2JYS9ZWI63IK3), Ratsit (https://www.ratsit.se/5560848284-John_Bean_Technologies_AB) et la brochure officielle JBT Marel (https://jbtmarel.com/media/ds3h2i1e/stein-twindrum-600-en.pdf), uniquement pour l’identité du fournisseur. Photo : Aucune URL d’image éditeur rattachée à cette référence n’a été exposée par les pages consultées ; absence normale pour une pièce propriétaire sans fiche publique. | K52: =IF(J52="",0,LEN(J52)-LEN(SUBSTITUTE(J52,";",""))+1) -> 0 | N52: =IF(M52="",0,1/COUNTIF($M$3:$M$125,M52)) -> 0 | P52: ARTICLE A IDENTIFIER - REFERENCE 305333A | Q52: BUSE ROTATIVE ORIENTABLE VERS LE HAUT 180° 305333A
A53: 306441A | B53: Classe A - Article spécifique | C53: 280 | D53: Non confirmé - aucune source publique trouvée ; VALIDER - CHAMPS NON CONFIRMES | E53: Référence constructeur; Marque; Référence fournisseur | F53: VALIDER - CODE FAMILLE VALIDE DANS LE REFERENTIEL ; adéquation technique non confirmée faute de nature sourcée. | G53: Normalisation de la saisie uniquement : majuscules, accents/signes retirés. | H53: Faible | I53: Les recherches propres à 306441A ne fournissent aucune preuve publique de cette pièce ni de son rattachement à JBT, tandis que John Bean Technologies AB est attesté par Allabolag (https://www.allabolag.se/foretag/john-bean-technologies-ab/helsingborg/producenter/2JYS9ZWI63IK3), Ratsit (https://www.ratsit.se/5560848284-John_Bean_Technologies_AB) et la brochure officielle JBT Marel (https://jbtmarel.com/media/ds3h2i1e/stein-twindrum-600-en.pdf), uniquement pour l’identité du fournisseur. Photo : Aucune URL d’image éditeur rattachée à cette référence n’a été exposée par les pages consultées ; absence normale pour une pièce propriétaire sans fiche publique. | K53: =IF(J53="",0,LEN(J53)-LEN(SUBSTITUTE(J53,";",""))+1) -> 0 | N53: =IF(M53="",0,1/COUNTIF($M$3:$M$125,M53)) -> 0 | P53: ARTICLE A IDENTIFIER - REFERENCE 306441A | Q53: JAUGE DE PRESSION /MANOMETRE 306441A
A54: 306516B | B54: Classe A - Article spécifique | C54: 281 | D54: Non confirmé - aucune source publique trouvée ; VALIDER - CHAMPS NON CONFIRMES | E54: Référence constructeur; Marque; Référence fournisseur | F54: VALIDER - CODE FAMILLE VALIDE DANS LE REFERENTIEL ; adéquation technique non confirmée faute de nature sourcée. | G54: Normalisation de la saisie uniquement : majuscules, accents/signes retirés. | H54: Faible | I54: Les recherches propres à 306516B ne fournissent aucune preuve publique de cette pièce ni de son rattachement à JBT, tandis que John Bean Technologies AB est attesté par Allabolag (https://www.allabolag.se/foretag/john-bean-technologies-ab/helsingborg/producenter/2JYS9ZWI63IK3), Ratsit (https://www.ratsit.se/5560848284-John_Bean_Technologies_AB) et la brochure officielle JBT Marel (https://jbtmarel.com/media/ds3h2i1e/stein-twindrum-600-en.pdf), uniquement pour l’identité du fournisseur. Photo : Aucune URL d’image éditeur rattachée à cette référence n’a été exposée par les pages consultées ; absence normale pour une pièce propriétaire sans fiche publique. | K54: =IF(J54="",0,LEN(J54)-LEN(SUBSTITUTE(J54,";",""))+1) -> 0 | N54: =IF(M54="",0,1/COUNTIF($M$3:$M$125,M54)) -> 0 | P54: ARTICLE A IDENTIFIER - REFERENCE 306516B | Q54: VANNE DN25 1" 306516B
A55: 309014A | B55: Classe A - Article spécifique | C55: 282 | D55: Non confirmé - aucune source publique trouvée ; VALIDER - CHAMPS NON CONFIRMES | E55: Référence constructeur; Marque; Référence fournisseur | F55: VALIDER - CODE FAMILLE VALIDE DANS LE REFERENTIEL ; adéquation technique non confirmée faute de nature sourcée. | G55: Normalisation de la saisie uniquement : majuscules, accents/signes retirés. | H55: Faible | I55: Les recherches propres à 309014A ne fournissent aucune preuve publique de cette pièce ni de son rattachement à JBT, tandis que John Bean Technologies AB est attesté par Allabolag (https://www.allabolag.se/foretag/john-bean-technologies-ab/helsingborg/producenter/2JYS9ZWI63IK3), Ratsit (https://www.ratsit.se/5560848284-John_Bean_Technologies_AB) et la brochure officielle JBT Marel (https://jbtmarel.com/media/ds3h2i1e/stein-twindrum-600-en.pdf), uniquement pour l’identité du fournisseur. Photo : Aucune URL d’image éditeur rattachée à cette référence n’a été exposée par les pages consultées ; absence normale pour une pièce propriétaire sans fiche publique. | K55: =IF(J55="",0,LEN(J55)-LEN(SUBSTITUTE(J55,";",""))+1) -> 0 | N55: =IF(M55="",0,1/COUNTIF($M$3:$M$125,M55)) -> 0 | P55: ARTICLE A IDENTIFIER - REFERENCE 309014A | Q55: ANNEAU DE 25 MM 309014A
A56: RMH-ND-66-BK | B56: Classe A - Article spécifique | C56: 311 | D56: Référence et marque confirmées (constructeur) ; VALIDER - CHAMPS NON CONFIRMES | E56: Référence fournisseur | F56: VALIDER - COMPOSANT DE CATALOGUE ; MERE 200000 INCOMPATIBLE. Libellé commercial précis à choisir dans le référentiel, sans supposition. | G56: Normalisation de la saisie uniquement : majuscules, accents/signes retirés. | H56: Élevé | I56: La page ELESA RMH-ND-BK et la fiche RMH publient exactement RMH-ND-66-BK (501721), et l’Annuaire des Entreprises confirme l’identité d’ELESA France, sans preuve distincte du code dans son catalogue local. Photo : Aucune URL d’image éditeur exploitable n’a été renvoyée par les pages consultées. | K56: =IF(J56="",0,LEN(J56)-LEN(SUBSTITUTE(J56,";",""))+1) -> 0 | N56: =IF(M56="",0,1/COUNTIF($M$3:$M$125,M56)) -> 0 | O56: AIMANT PLAT AVEC GOUJON FILETÉ RMH-ND-66-BK | P56: AIMANT PLAT NDFEB D 66 MM GOUJON M8 REVETEMENT TPE NOIR RMH-ND-66-BK | Q56: AIMANTS PLATS ROHS AVEC GOUJON FILETÉ RMH-ND-66-BK
A57: STHWICB20 | B57: Classe A - Article spécifique | C57: 319 | D57: Référence et marque confirmées (constructeur) ; VALIDER - CHAMPS NON CONFIRMES | E57: Fournisseur saisi; Référence fournisseur | F57: VALIDER - FAMILLE PROPOSEE : Support d arbre linéaire officiellement identifié ; guidage linéaire plutôt que famille mère transmission. | G57: Normalisation de la saisie uniquement : majuscules, accents/signes retirés. | H57: Élevé | I57: La page MISUMI France affiche STHWICB20 et ses caractéristiques exactes, tandis que le fournisseur saisi « ??? » ne peut pas être confirmé. Photo : Aucune URL d’image éditeur exploitable n’a été renvoyée par les pages consultées. | K57: =IF(J57="",0,LEN(J57)-LEN(SUBSTITUTE(J57,";",""))+1) -> 0 | N57: =IF(M57="",0,1/COUNTIF($M$3:$M$125,M57)) -> 0 | O57: SUPPORT D'ARBRE À BRIDE RONDE APLATIE DES DEUX CÔTÉS, FENDU | P57: SUPPORT D'ARBRE FENDU A EMBASE COMPACTE D 20 MM ACIER OXYDE NOIR | Q57: SUPPORT D'ARBRE / BRIDE RONDE GUIDÉE, BRIDE RONDE APLATIE DES DEUX CÔTÉS / FENDUE (STHWICB20)
A58: PSFJWEU20-122-M8-N8 | B58: Classe A - Article spécifique | C58: 320 | D58: Série/gamme confirmée - configuration exacte non confirmée ; VALIDER - CHAMPS NON CONFIRMES | E58: Référence constructeur; Marque; Fournisseur saisi; Référence fournisseur | F58: VALIDER - FAMILLE PROPOSEE : Nature arbre linéaire documentée par MISUMI ; configuration complète toujours à valider. | G58: Normalisation de la saisie uniquement : majuscules, accents/signes retirés. | H58: Faible | I58: La page de famille MISUMI 110311064159 confirme le type PSFJWEU et la syntaxe D-L-M-N, mais ne montre pas la configuration complète PSFJWEU20-122-M8-N8, et le fournisseur « ??? » reste vide. La marque est laissée non confirmée : les sources identifient une société ou une série, pas le fabricant de la variante demandée. Photo : Aucune URL d’image éditeur exploitable n’a été renvoyée par les pages consultées. | K58: =IF(J58="",0,LEN(J58)-LEN(SUBSTITUTE(J58,";",""))+1) -> 0 | N58: =IF(M58="",0,1/COUNTIF($M$3:$M$125,M58)) -> 0 | P58: ARBRE LINEAIRE PSFJWEU A FILETAGES INTERNES EN 1.1213 H7 - CONFIGURATION A VALIDER | Q58: ARBRES LINÉAIRES / FILETAGE INTÉRIEUR AUX DEUX EXTRÉMITÉS / H6, H7 / CF53 / EN 1.1213
A59: SFJWEU16-80-M6-N6 | B59: Classe A - Article spécifique | C59: 321 | D59: Série/gamme confirmée - configuration exacte non confirmée ; VALIDER - CHAMPS NON CONFIRMES | E59: Référence constructeur; Marque; Fournisseur saisi; Référence fournisseur | F59: VALIDER - FAMILLE PROPOSEE : Nature arbre linéaire documentée par MISUMI ; configuration complète toujours à valider. | G59: Normalisation de la saisie uniquement : majuscules, accents/signes retirés. | H59: Faible | I59: La page de famille MISUMI 110311064159 confirme le type SFJWEU et la syntaxe D-L-M-N, mais ne montre pas la configuration complète SFJWEU16-80-M6-N6, et le fournisseur « ??? » reste vide. La marque est laissée non confirmée : les sources identifient une société ou une série, pas le fabricant de la variante demandée. La matière de série documentée est EN 1.1213 ; les mentions EN 1.1215/1.1214 de saisie ne sont pas confirmées et restent intactes. Photo : Aucune URL d’image éditeur exploitable n’a été renvoyée par les pages consultées. | K59: =IF(J59="",0,LEN(J59)-LEN(SUBSTITUTE(J59,";",""))+1) -> 0 | N59: =IF(M59="",0,1/COUNTIF($M$3:$M$125,M59)) -> 0 | P59: ARBRE LINEAIRE SFJWEU A FILETAGES INTERNES EN 1.1213 H6 - CONFIGURATION A VALIDER | Q59: ARBRES LINÉAIRES / FILETAGE INTÉRIEUR AUX DEUX EXTRÉMITÉS / H6, H7 / CF53 / EN 1.1214
A60: PSFJWEU20-142-M8-N8 | B60: Classe A - Article spécifique | C60: 322 | D60: Série/gamme confirmée - configuration exacte non confirmée ; VALIDER - CHAMPS NON CONFIRMES | E60: Référence constructeur; Marque; Fournisseur saisi; Référence fournisseur | F60: VALIDER - FAMILLE PROPOSEE : Nature arbre linéaire documentée par MISUMI ; configuration complète toujours à valider. | G60: Normalisation de la saisie uniquement : majuscules, accents/signes retirés. | H60: Faible | I60: La page de famille MISUMI 110311064159 confirme le type PSFJWEU et la syntaxe D-L-M-N, mais ne montre pas la configuration complète PSFJWEU20-142-M8-N8, et le fournisseur « ??? » reste vide. La marque est laissée non confirmée : les sources identifient une société ou une série, pas le fabricant de la variante demandée. La matière de série documentée est EN 1.1213 ; les mentions EN 1.1215/1.1214 de saisie ne sont pas confirmées et restent intactes. Photo : Aucune URL d’image éditeur exploitable n’a été renvoyée par les pages consultées. | K60: =IF(J60="",0,LEN(J60)-LEN(SUBSTITUTE(J60,";",""))+1) -> 0 | N60: =IF(M60="",0,1/COUNTIF($M$3:$M$125,M60)) -> 0 | P60: ARBRE LINEAIRE PSFJWEU A FILETAGES INTERNES EN 1.1213 H7 - CONFIGURATION A VALIDER | Q60: ARBRES LINÉAIRES / FILETAGE INTÉRIEUR AUX DEUX EXTRÉMITÉS / H6, H7 / CF53 / EN 1.1215
A61: NGE2124FT-K134 | B61: Classe A - Article spécifique | C61: 349 | D61: Référence et marque confirmées (constructeur) ; VALIDER - CHAMPS NON CONFIRMES | E61: Référence fournisseur | F61: VALIDER - FAMILLE PROPOSEE : Tapis/bande modulaire plastique exact documenté ; sous-famille BANDES du référentiel. | G61: VALIDER - ABREVIATION DE LA MACHINE SAISIE ; aucun équipement nouveau proposé. | H61: Élevé | I61: Regal Rexnord publie exactement NGE2124FT-K134 et le catalogue System Plast ouvert chez Dertec confirme K134 = 34 mm et NGE, les axes seuls étant en PBT, tandis que PagineBianche vérifie Rexnord Flattop Europe à Correggio. Photo : Aucune URL d’image éditeur exploitable n’a été renvoyée par les pages consultées. | K61: =IF(J61="",0,LEN(J61)-LEN(SUBSTITUTE(J61,";",""))+1) -> 0 | N61: =IF(M61="",0,1/COUNTIF($M$3:$M$125,M61)) -> 0 | O61: TAPIS MODULAIRE À SURFACE PLANE, MONOPISTE, SÉRIE 2124 | P61: TAPIS MODULAIRE PLAN SERIE 2124 LARGEUR 34 MM NGE AXES PBT PAS 12,7 MM | Q61: TAPIS MODULAIRE DROIT SERIE 2124 LARGEUR 34 MINI PBT
A62: 2.55438A | B62: Classe A - Article spécifique | C62: 424 | D62: Marque confirmée - référence non publiée ; VALIDER - CHAMPS NON CONFIRMES | E62: Référence constructeur; Marque; Référence fournisseur | F62: VALIDER - CODE FAMILLE VALIDE DANS LE REFERENTIEL ; adéquation technique non confirmée faute de nature sourcée. | G62: VALIDER - ABREVIATION DE LA MACHINE SAISIE ; aucun équipement nouveau proposé. | H62: Faible | I62: Aetna Group atteste la marque de machines Prasmatic TC600 Combi et le registre LEI atteste AETNA GROUP S.P.A. à Villa Verucchio, sans publication de la pièce 2.55438A ni de son code fournisseur. La marque est laissée non confirmée : les sources identifient une société ou une série, pas le fabricant de la variante demandée. Photo : Pièce propriétaire : absence normale de photo publique exacte et aucune URL image admissible renvoyée par les pages consultées. | K62: =IF(J62="",0,LEN(J62)-LEN(SUBSTITUTE(J62,";",""))+1) -> 0 | N62: =IF(M62="",0,1/COUNTIF($M$3:$M$125,M62)) -> 0 | P62: ARTICLE A IDENTIFIER - REFERENCE 2.55438A | Q62: BARRE SUPPORT PEIGNE ROULEAU JAUNE TC600CW 2707 2.55438A
A63: DKE1710X24DC | B63: Classe A - Article spécifique | C63: 457 | D63: Référence confirmée par distributeur ; VALIDER - CHAMPS NON CONFIRMES | E63: Référence fournisseur | F63: Code et libellé présents au référentiel source ; nature documentée, configuration exacte restant à contrôler si la preuve est de série. | G63: Champ vide conservé ; aucune machine inventée pour ce composant de commerce. | H63: Moyen | I63: Radwell publie le code exact DKE-1710-X 24DC et la fiche constructeur Atos E025 explique 71, X et 24 DC à l’échelle de gamme, tandis que Pappers vérifie C3S sans référence produit fournisseur publiée. Photo : Les sorties de consultation des pages consultées fournissent du texte sans URL d’image éditeur pleine résolution vérifiable ; aucune image retenue. | K63: =IF(J63="",0,LEN(J63)-LEN(SUBSTITUTE(J63,";",""))+1) -> 0 | N63: =IF(M63="",0,1/COUNTIF($M$3:$M$125,M63)) -> 0 | P63: DISTRIBUTEUR HYDRAULIQUE A TIROIR DKE TAILLE 10 TROIS POSITIONS 24 V CC SANS CONNECTEUR | Q63: DISTRIBUTEUR HYDRAULIQUE 4/3 4 VOIE 3 POSITION CENTRE H CETOP5/NG10 24 VDC 150L/MIN 350 BAR
A64: DKQ024/O/24DC | B64: Classe A - Article spécifique | C64: 458 | D64: Série/gamme confirmée - configuration exacte non confirmée ; VALIDER - CHAMPS NON CONFIRMES | E64: Référence constructeur; Marque; Référence fournisseur | F64: Code et libellé présents au référentiel source ; nature documentée, configuration exacte restant à contrôler si la preuve est de série. | G64: Champ vide conservé ; aucune machine inventée pour ce composant de commerce. | H64: Faible | I64: La fiche Atos D170-6/E hébergée par LD prouve la famille DKQ mais pas le code complet DKQ024/O/24DC, la D170 actuelle d’atos.com ne traite que DHQ et Pappers vérifie C3S sans code produit publié. La marque est laissée non confirmée : les sources identifient une société ou une série, pas le fabricant de la variante demandée. Photo : Les sorties de consultation des pages consultées fournissent du texte sans URL d’image éditeur pleine résolution vérifiable ; aucune image retenue. | K64: =IF(J64="",0,LEN(J64)-LEN(SUBSTITUTE(J64,";",""))+1) -> 0 | N64: =IF(M64="",0,1/COUNTIF($M$3:$M$125,M64)) -> 0 | P64: VALVE MODULAIRE RAPIDE LENTE SERIE DKQ TAILLE 10 - CONFIGURATION A VALIDER | Q64: VALVE MODULAIRE DE REGULATION DE DEBIT ET DE VITESSE RAPIDE/LENT TAILLE 10 24L/MIN 250 BAR NO 24 VDC
A65: R17 DRN63M4 | B65: Classe A - Article spécifique | C65: 464 | D65: Série/gamme confirmée - configuration exacte non confirmée ; VALIDER - CHAMPS NON CONFIRMES | E65: Marque; Référence fournisseur | F65: Code et libellé présents au référentiel source ; nature documentée, configuration exacte restant à contrôler si la preuve est de série. | G65: Champ vide conservé ; aucune machine inventée pour ce composant de commerce. | H65: Faible | I65: Radwell publie le type R17 DRN63M4 et la clé SEW explique ses segments, mais la tension et la fréquence de l’exemplaire Radwell diffèrent du contexte saisi; le répertoire officiel SEW identifie le fournisseur saisi comme SEBA MOTORISATION sans publier son code article. La marque est laissée non confirmée : les sources identifient une société ou une série, pas le fabricant de la variante demandée. Photo : Les sorties web consultées ne fournissent aucune URL complète d'image éditeur admissible rattachée à cette référence; aucune recherche d'images dédiée effectuée. | K65: =IF(J65="",0,LEN(J65)-LEN(SUBSTITUTE(J65,";",""))+1) -> 0 | N65: =IF(M65="",0,1/COUNTIF($M$3:$M$125,M65)) -> 0 | P65: MOTOREDUCTEUR COAXIAL DRN IE3 - CONFIGURATION A VALIDER | Q65: MOTOREDUCTEUR 0.18 KW 159 TR/MIN 230/400V IP55/F ARBRE PLEIN 20X40 MM
A66: MS01_CARTEX-DN15/85-00_17509B02 | B66: Classe A - Article spécifique | C66: 467 | D66: Série/gamme confirmée - configuration exacte non confirmée ; VALIDER - CHAMPS NON CONFIRMES | E66: Référence constructeur; Marque; Référence fournisseur | F66: Code et libellé présents au référentiel source ; nature documentée, configuration exacte restant à contrôler si la preuve est de série. | G66: Champ vide conservé ; aucune machine inventée pour ce composant de commerce. | H66: Faible | I66: La fiche et la boutique EagleBurgmann confirment la série Cartex-DN et une taille d’arbre 85 mm, mais pas le libellé complet MS01_CARTEX-DN15/85-00_17509B02 issu d’un devis non lu, qui ne peut donc être confirmé par devis. La marque est laissée non confirmée : les sources identifient une société ou une série, pas le fabricant de la variante demandée. Photo : Configuration liée à un devis non consulté : absence normale de photo exacte ; aucune URL d’image éditeur exploitable renvoyée par les sources de famille. | K66: =IF(J66="",0,LEN(J66)-LEN(SUBSTITUTE(J66,";",""))+1) -> 0 | N66: =IF(M66="",0,1/COUNTIF($M$3:$M$125,M66)) -> 0 | P66: GARNITURE MECANIQUE DOUBLE EN CARTOUCHE EQUILIBREE SERIE CARTEX DN - CONFIGURATION A VALIDER | Q66: GARNITURE MECANIQUE DOUBLE DN 15 Ø85 MM Q1Q1VMG-BQ1VMG MS01_CARTEX-DN15/85-00_17509B02
A67: S0818-125-160 | B67: Classe A - Article spécifique | C67: 468 | D67: Non confirmé - aucune source publique trouvée ; VALIDER - CHAMPS NON CONFIRMES | E67: Référence constructeur; Marque; Référence fournisseur | F67: VALIDER - CODE FAMILLE VALIDE DANS LE REFERENTIEL ; adéquation technique non confirmée faute de nature sourcée. | G67: Champ vide conservé ; aucune machine inventée pour ce composant de commerce. | H67: Faible | I67: Les recherches exactes S0818-125-160 et S0818125160 ne fournissent aucune preuve publique du joint, sans déduction de cotes ni matière, tandis que Companyweb (https://www.companyweb.be/nl/0405035475/john-bean-technologies) et la brochure officielle JBT Marel (https://jbtmarel.com/media/cm0ndldc/jbt-ab-process-systems-controls-and-automation_en.pdf) établissent John Bean Technologies NV à Sint-Niklaas et non le libellé administratif saisi. Photo : Aucune fiche ni URL d’image éditeur pour S0818-125-160 exposée ; cotes et matière non déduites de la référence. | K67: =IF(J67="",0,LEN(J67)-LEN(SUBSTITUTE(J67,";",""))+1) -> 0 | N67: =IF(M67="",0,1/COUNTIF($M$3:$M$125,M67)) -> 0 | P67: ARTICLE A IDENTIFIER - REFERENCE S0818-125-160 | Q67: JOINT ETANCHEITE DOUBLE LEVRE DANS ARMATURE
A68: AC00012492 | B68: Classe A - Article spécifique | C68: 474 | D68: Marque confirmée - référence non publiée ; VALIDER - CHAMPS NON CONFIRMES | E68: Référence constructeur; Marque; Référence fournisseur | F68: VALIDER - FAMILLE MERE 200000 ; identité spécifique et machine à documenter, pas une famille de composant de commerce. | G68: RENSEIGNER - MACHINE NON IDENTIFIEE ; aucune valeur inventée. | H68: Faible | I68: Roser Group et Iberinform attestent le constructeur ROSER CONSTRUCCIONES METALICAS SA, mais les recherches ne publient pas AC00012492 ; aucun code voisin ne vaut preuve de cette pièce. La marque est laissée non confirmée : les sources identifient une société ou une série, pas le fabricant de la variante demandée. Photo : Pièce propriétaire : absence normale de photo publique exacte et aucune URL image admissible renvoyée par les pages consultées. | K68: =IF(J68="",0,LEN(J68)-LEN(SUBSTITUTE(J68,";",""))+1) -> 0 | N68: =IF(M68="",0,1/COUNTIF($M$3:$M$125,M68)) -> 0 | P68: ARTICLE A IDENTIFIER - REFERENCE AC00012492 | Q68: AXE SUPPORT FOURCHETTE POS.7 24174 AC00012492
A69: AC00006768 | B69: Classe A - Article spécifique | C69: 475 | D69: Marque confirmée - référence non publiée ; VALIDER - CHAMPS NON CONFIRMES | E69: Référence constructeur; Marque; Référence fournisseur | F69: VALIDER - FAMILLE MERE 200000 ; identité spécifique et machine à documenter, pas une famille de composant de commerce. | G69: RENSEIGNER - MACHINE NON IDENTIFIEE ; aucune valeur inventée. | H69: Faible | I69: Roser Group et Iberinform attestent le constructeur ROSER CONSTRUCCIONES METALICAS SA, mais les recherches ne publient pas AC00006768 ; aucun code voisin ne vaut preuve de cette pièce. La marque est laissée non confirmée : les sources identifient une société ou une série, pas le fabricant de la variante demandée. Photo : Pièce propriétaire : absence normale de photo publique exacte et aucune URL image admissible renvoyée par les pages consultées. | K69: =IF(J69="",0,LEN(J69)-LEN(SUBSTITUTE(J69,";",""))+1) -> 0 | N69: =IF(M69="",0,1/COUNTIF($M$3:$M$125,M69)) -> 0 | P69: ARTICLE A IDENTIFIER - REFERENCE AC00006768 | Q69: ANNEAU DE FIXATION PAR AXE FOURCHETTE DIAM 95/13X10 MM DELRIN REF.8 25224 AC00006768
A70: 1102144 | B70: Classe A - Article spécifique | C70: 476 | D70: Référence et marque confirmées (constructeur) | E70: Aucun des 4 champs | F70: Code et libellé présents au référentiel source ; nature documentée, configuration exacte restant à contrôler si la preuve est de série. | G70: Champ vide conservé ; aucune machine inventée pour ce composant de commerce. | H70: Élevé | I70: La page SICK PSN02-2301 et sa fiche associent 1102144 à l’unité passive, distincte de 1096014 active, tandis que l’Annuaire des Entreprises vérifie la dénomination SICK et sa forme SARL. Photo : Les sorties de consultation des pages consultées fournissent du texte sans URL d’image éditeur pleine résolution vérifiable ; aucune image retenue. | K70: =IF(J70="",0,LEN(J70)-LEN(SUBSTITUTE(J70,";",""))+1) -> 0 | N70: =IF(M70="",0,1/COUNTIF($M$3:$M$125,M70)) -> 0 | O70: UNITÉ PASSIVE DE BARRIÈRE MULTIFAISCEAUX DE SÉCURITÉ | P70: BARRIERE MULTIFAISCEAUX SECURITE UNITE PASSIVE PSN02-2301 4 FAISCEAUX IP65 IP67 | Q70: BARRIERES DE SECURITE DETEM L-MUTING RIGHT PSN02-2301 4 FAISCEAUX PORTEE 3.2 M IP67
A71: 1096014 | B71: Classe A - Article spécifique | C71: 477 | D71: Référence et marque confirmées (constructeur) | E71: Aucun des 4 champs | F71: Code et libellé présents au référentiel source ; nature documentée, configuration exacte restant à contrôler si la preuve est de série. | G71: Champ vide conservé ; aucune machine inventée pour ce composant de commerce. | H71: Élevé | I71: La page produit et la fiche technique SICK du M4M-ZA04300D20 publient le n° de pièce 1096014 comme unité active deTem4 LT Muting A/P, 3,2 m, 4 faisceaux, M12 8 broches, IP67, Type 4/SIL 3/PL e, concordants avec la saisie ; le SIL ne doit pas être transféré à l'unité passive 1102144. Photo : Aucune URL d'image éditeur exploitable : les outils web autorisés (recherche web et ouverture de pages) n'ont renvoyé que le texte des pages, sans adresse d'image ; la recherche d'images dédiée est indisponible par politique de l'organisation et n'a été ni relancée ni contournée ; un essai d'adresse d'image constructeur n'a donné aucun résultat, donc non retenu. | K71: =IF(J71="",0,LEN(J71)-LEN(SUBSTITUTE(J71,";",""))+1) -> 0 | N71: =IF(M71="",0,1/COUNTIF($M$3:$M$125,M71)) -> 0 | O71: BARRIÈRE MULTIFAISCEAUX DE SÉCURITÉ DETEM4 LT MUTING A/P M4M-ZA04300D20 - UNITÉ ACTIVE | P71: BARRIERE MULTIFAISCEAUX SECURITE UNITE ACTIVE DETEM4 LT MUTING 4 FAISCEAUX PORTEE 3,2 M | Q71: BARRIERE DE SECURITE TEM 4LT MUTING A/P PLE, SIL 3 TYPE4 PORTEE 3.2 4 FAISCEAUX M12 8POLES IP67
A72: CMJT136 | B72: Classe A - Article spécifique | C72: 479 | D72: Non confirmé - aucune source publique trouvée ; VALIDER - CHAMPS NON CONFIRMES | E72: Référence constructeur; Marque; Référence fournisseur | F72: VALIDER - CODE FAMILLE VALIDE DANS LE REFERENTIEL ; adéquation technique non confirmée faute de nature sourcée. | G72: Normalisation de la saisie uniquement : majuscules, accents/signes retirés. | H72: Faible | I72: Le site LMIA et la Communauté de communes de la Basse-Zorn confirment LMIA SA comme fournisseur de machines agroalimentaires, mais ni CMJT136 ni SIA_CMJT136 ne sont publiés dans les résultats obtenus et le fabricant du joint reste inconnu. Photo : Pièce propriétaire : absence normale de photo publique exacte et aucune URL image admissible renvoyée par les pages consultées. Accès à la pièce jointe d origine Q479 refusé lors de la vérification du lien ; aucune autre voie d accès tentée et aucune donnée technique issue de ce document. | K72: =IF(J72="",0,LEN(J72)-LEN(SUBSTITUTE(J72,";",""))+1) -> 0 | N72: =IF(M72="",0,1/COUNTIF($M$3:$M$125,M72)) -> 0 | P72: ARTICLE A IDENTIFIER - REFERENCE CMJT136 | Q72: JOINT TORIQUE
A73: 1.428-568.0 | B73: Classe A - Article spécifique | C73: 481 | D73: Référence et marque confirmées (constructeur) | E73: Aucun des 4 champs | F73: Code et libellé présents au référentiel source ; nature documentée, configuration exacte restant à contrôler si la preuve est de série. | G73: Champ vide conservé ; aucune machine inventée pour ce composant de commerce. | H73: Élevé | I73: La page officielle Kärcher publie le numéro de commande 1.428-568.0 pour le NT 30/1 Me Classic Edition avec des caractéristiques concordantes, et la page manutan.fr publie ce même appareil sous la référence AB59719 du fournisseur saisi MANUTAN. Photo : Aucune URL d'image éditeur exploitable : les outils web autorisés (recherche web et ouverture de pages) n'ont renvoyé que le texte des pages, sans adresse d'image ; la recherche d'images dédiée est indisponible par politique de l'organisation et n'a été ni relancée ni contournée ; un essai d'adresse d'image constructeur n'a donné aucun résultat, donc non retenu. | K73: =IF(J73="",0,LEN(J73)-LEN(SUBSTITUTE(J73,";",""))+1) -> 0 | N73: =IF(M73="",0,1/COUNTIF($M$3:$M$125,M73)) -> 0 | O73: ASPIRATEUR EAU ET POUSSIÈRES NT 30/1 ME CLASSIC EDITION | P73: ASPIRATEUR EAU ET POUSSIERES NT 30/1 ME CLASSIC EDITION CUVE INOX 30 L 1500 W | Q73: ASPIRATEUR EAU ET POUSSIERE NT 30/1 ME CLASSIC EDITION
A74: 15SV03F030T/D | B74: Classe A - Article spécifique | C74: 482 | D74: Référence confirmée par distributeur ; VALIDER - CHAMPS NON CONFIRMES | E74: Fournisseur saisi; Référence fournisseur | F74: Code et libellé présents au référentiel source ; nature documentée, configuration exacte restant à contrôler si la preuve est de série. | G74: Normalisation de la saisie uniquement : majuscules, accents/signes retirés. | H74: Moyen | I74: Pumps UK et Pumpalia confirment 15SV03F030T/D, le code fabricant 1016LD421 et 3 kW en 3×230/400 V, mais aucune source ne relie ce code au fournisseur saisi ABV, et la simple note DEVIS ne constitue pas un devis consulté. Photo : Les sorties web consultées ne fournissent aucune URL complète d'image éditeur admissible rattachée à cette référence; aucune recherche d'images dédiée effectuée. | K74: =IF(J74="",0,LEN(J74)-LEN(SUBSTITUTE(J74,";",""))+1) -> 0 | N74: =IF(M74="",0,1/COUNTIF($M$3:$M$125,M74)) -> 0 | P74: POMPE VERTICALE MULTICELLULAIRE 15SV03F030T/D 3 KW TRIPHASEE 230/400 V DN50 | Q74: POMPE SURPRESSEUR 15SV03F030T/D CODE 1016LD421
A75: 227542 | B75: Classe A - Article spécifique | C75: 483 | D75: Référence et marque confirmées (constructeur) ; VALIDER - CHAMPS NON CONFIRMES | E75: Référence fournisseur | F75: Code et libellé présents au référentiel source ; nature documentée, configuration exacte restant à contrôler si la preuve est de série. | G75: Champ vide conservé ; aucune machine inventée pour ce composant de commerce. | H75: Élevé | I75: La page officielle Bürkert du type 6213, article 227542, publie une électrovanne 2/2 NF laiton G1 1/2 à membrane EPDM en 24 V, concordante avec la saisie (24VDC déjà présent), corroborée par Valves Direct ; FELDMANN Lesquin est vérifié par son site officiel mais le code 9514513/JTN n'y est pas publié. Photo : Aucune URL d'image éditeur exploitable : les outils web autorisés (recherche web et ouverture de pages) n'ont renvoyé que le texte des pages, sans adresse d'image ; la recherche d'images dédiée est indisponible par politique de l'organisation et n'a été ni relancée ni contournée ; un essai d'adresse d'image constructeur n'a donné aucun résultat, donc non retenu. Les pages Bürkert et Valves Direct précisent en outre que l'image affichée peut différer du produit réel. | K75: =IF(J75="",0,LEN(J75)-LEN(SUBSTITUTE(J75,";",""))+1) -> 0 | N75: =IF(M75="",0,1/COUNTIF($M$3:$M$125,M75)) -> 0 | O75: ÉLECTROVANNE 2/2 VOIES À MEMBRANE SERVO-ASSISTÉE TYPE 6213 | P75: ELECTROVANNE 2/2 NF TYPE 6213 G1 1/2 LAITON EPDM 24 V CC | Q75: ELECTROVANNE TYPE 6213 2/2 NF LAITON 1"1/2 MEMBRANE EPDM 24 VDC
A76: DOUBLE PIGNON COUPEUSE | B76: Classe A - Article spécifique | C76: 484 | D76: Marque confirmée - référence non publiée ; VALIDER - CHAMPS NON CONFIRMES | E76: Référence constructeur; Marque; Référence fournisseur | F76: RENSEIGNER - FAMILLE VIDE ; aucune nature produit suffisamment prouvée pour choisir un libellé officiel. | G76: Normalisation de la saisie uniquement : majuscules, accents/signes retirés. | H76: Faible | I76: Le site officiel Zenari Engineering confirme le constructeur et sa raison sociale S.N.C., mais ne publie pas DOUBLE PIGNON COUPEUSE dans les recherches réalisées ; les cotes restent celles de la saisie. La marque est laissée non confirmée : les sources identifient une société ou une série, pas le fabricant de la variante demandée. Photo : Pièce propriétaire : absence normale de photo publique exacte et aucune URL image admissible renvoyée par les pages consultées. | K76: =IF(J76="",0,LEN(J76)-LEN(SUBSTITUTE(J76,";",""))+1) -> 0 | N76: =IF(M76="",0,1/COUNTIF($M$3:$M$125,M76)) -> 0 | P76: ARTICLE A IDENTIFIER - REFERENCE DOUBLE PIGNON COUPEUSE | Q76: PIGNON DOUBLE COMPOSE D UN DISQUE 18DENTS 08B1 1/2P X5/16P-4MP ET UN ENGREN. MOD 3 22 DENTS
A77: 41274-BBB-409 | B77: Classe A - Article spécifique | C77: 485 | D77: Non confirmé - aucune source publique trouvée ; VALIDER - CHAMPS NON CONFIRMES | E77: Référence constructeur; Marque; Référence fournisseur | F77: VALIDER - FAMILLE MERE 200000 ; identité spécifique et machine à documenter, pas une famille de composant de commerce. | G77: Normalisation de la saisie uniquement : majuscules, accents/signes retirés. | H77: Faible | I77: Le Figaro Entreprises confirme la raison sociale SEA PRODUCTIQUE, mais aucune publication de 41274-BBB-409 ne ressort des recherches ; PREHENSEUR PAL est déjà renseigné dans la saisie et le fabricant physique du composant n’est pas établi. Photo : Pièce propriétaire : absence normale de photo publique exacte et aucune URL image admissible renvoyée par les pages consultées. | K77: =IF(J77="",0,LEN(J77)-LEN(SUBSTITUTE(J77,";",""))+1) -> 0 | N77: =IF(M77="",0,1/COUNTIF($M$3:$M$125,M77)) -> 0 | P77: ARTICLE A IDENTIFIER - REFERENCE 41274-BBB-409 | Q77: BRAS 41274-BBB-409
A78: 41274-BBB-415 | B78: Classe A - Article spécifique | C78: 486 | D78: Non confirmé - aucune source publique trouvée ; VALIDER - CHAMPS NON CONFIRMES | E78: Référence constructeur; Marque; Référence fournisseur | F78: VALIDER - FAMILLE MERE 200000 ; identité spécifique et machine à documenter, pas une famille de composant de commerce. | G78: Normalisation de la saisie uniquement : majuscules, accents/signes retirés. | H78: Faible | I78: Le Figaro Entreprises confirme la raison sociale SEA PRODUCTIQUE, mais aucune publication de 41274-BBB-415 ne ressort des recherches ; PREHENSEUR PAL est déjà renseigné dans la saisie et le fabricant physique du composant n’est pas établi. Photo : Pièce propriétaire : absence normale de photo publique exacte et aucune URL image admissible renvoyée par les pages consultées. | K78: =IF(J78="",0,LEN(J78)-LEN(SUBSTITUTE(J78,";",""))+1) -> 0 | N78: =IF(M78="",0,1/COUNTIF($M$3:$M$125,M78)) -> 0 | P78: ARTICLE A IDENTIFIER - REFERENCE 41274-BBB-415 | Q78: DOIGT 41274-BBB-415
A79: 41274-BBB-301 | B79: Classe A - Article spécifique | C79: 487 | D79: Non confirmé - aucune source publique trouvée ; Erreur de saisie source à corriger ; VALIDER - CHAMPS NON CONFIRMES | E79: Référence constructeur; Marque; Référence fournisseur | F79: VALIDER - FAMILLE MERE 200000 ; identité spécifique et machine à documenter, pas une famille de composant de commerce. | G79: Normalisation de la saisie uniquement : majuscules, accents/signes retirés. | H79: Faible | I79: Le Figaro Entreprises confirme SEA PRODUCTIQUE sans publier la pièce, tandis que la saisie présente l’écart 41274-BBB-301 / 41274-BBB-31 à résoudre pour le moyeu du PREHENSEUR PAL. Photo : Pièce propriétaire : absence normale de photo publique exacte et aucune URL image admissible renvoyée par les pages consultées. | K79: =IF(J79="",0,LEN(J79)-LEN(SUBSTITUTE(J79,";",""))+1) -> 0 | N79: =IF(M79="",0,1/COUNTIF($M$3:$M$125,M79)) -> 0 | P79: ARTICLE A IDENTIFIER - REFERENCE 41274-BBB-301 | Q79: MOYEU 41274-BBB-301
A80: 41274-BBB-412 | B80: Classe A - Article spécifique | C80: 488 | D80: Non confirmé - aucune source publique trouvée ; VALIDER - CHAMPS NON CONFIRMES | E80: Référence constructeur; Marque; Référence fournisseur | F80: VALIDER - FAMILLE MERE 200000 ; identité spécifique et machine à documenter, pas une famille de composant de commerce. | G80: Normalisation de la saisie uniquement : majuscules, accents/signes retirés. | H80: Faible | I80: Le Figaro Entreprises confirme la raison sociale SEA PRODUCTIQUE, mais aucune publication de 41274-BBB-412 ne ressort des recherches ; PREHENSEUR PAL est déjà renseigné dans la saisie et le fabricant physique du composant n’est pas établi. Photo : Pièce propriétaire : absence normale de photo publique exacte et aucune URL image admissible renvoyée par les pages consultées. | K80: =IF(J80="",0,LEN(J80)-LEN(SUBSTITUTE(J80,";",""))+1) -> 0 | N80: =IF(M80="",0,1/COUNTIF($M$3:$M$125,M80)) -> 0 | P80: ARTICLE A IDENTIFIER - REFERENCE 41274-BBB-412 | Q80: BRAS SYM. 41274-BBB-412
A81: 41274-BBB-411 | B81: Classe A - Article spécifique | C81: 489 | D81: Non confirmé - aucune source publique trouvée ; VALIDER - CHAMPS NON CONFIRMES | E81: Référence constructeur; Marque; Référence fournisseur | F81: VALIDER - FAMILLE MERE 200000 ; identité spécifique et machine à documenter, pas une famille de composant de commerce. | G81: Normalisation de la saisie uniquement : majuscules, accents/signes retirés. | H81: Faible | I81: Le Figaro Entreprises confirme la raison sociale SEA PRODUCTIQUE, mais aucune publication de 41274-BBB-411 ne ressort des recherches ; PREHENSEUR PAL est déjà renseigné dans la saisie et le fabricant physique du composant n’est pas établi. Photo : Pièce propriétaire : absence normale de photo publique exacte et aucune URL image admissible renvoyée par les pages consultées. | K81: =IF(J81="",0,LEN(J81)-LEN(SUBSTITUTE(J81,";",""))+1) -> 0 | N81: =IF(M81="",0,1/COUNTIF($M$3:$M$125,M81)) -> 0 | P81: ARTICLE A IDENTIFIER - REFERENCE 41274-BBB-411 | Q81: BIELLE 41274-BBB-411
A82: A017040 | B82: Classe A - Article spécifique | C82: 490 | D82: Référence confirmée par distributeur ; VALIDER - CHAMPS NON CONFIRMES | E82: Référence constructeur; Marque | F82: Code et libellé présents au référentiel source ; nature documentée, configuration exacte restant à contrôler si la preuve est de série. | G82: Champ vide conservé ; aucune machine inventée pour ce composant de commerce. | H82: Moyen | I82: Manutan UK publie A017040 en jaune, 168 L et lot de 200, croisé avec la famille française Manutan 168 L, mais DIMENSIO et une référence d’usine ne sont pas attestés et la page française ne montre pas le code de variante. Photo : Les pages exactes et de famille ouvertes ne renvoient aucune URL image admissible ; les images de catégorie ne sont pas une preuve. | K82: =IF(J82="",0,LEN(J82)-LEN(SUBSTITUTE(J82,";",""))+1) -> 0 | N82: =IF(M82="",0,1/COUNTIF($M$3:$M$125,M82)) -> 0 | P82: SAC POUBELLE TRI SELECTIF PEHD JAUNE 168 L LOT DE 200 SACS | Q82: SAC POUBELLE 168 LITRES JAUNE LOT DE 200
A83: 238710-006-D | B83: Classe A - Article spécifique | C83: 491 | D83: Référence confirmée par distributeur ; VALIDER - CHAMPS NON CONFIRMES | E83: Référence fournisseur | F83: Code et libellé présents au référentiel source ; nature documentée, configuration exacte restant à contrôler si la preuve est de série. | G83: Champ vide conservé ; aucune machine inventée pour ce composant de commerce. | H83: Moyen | I83: Valin et Kleen-Rite confirment la bobine ASCO 238710-006-D en 24 V CC, le catalogue ASCO ouvert est seulement de famille et l’Annuaire des Entreprises vérifie SAFIM sans code SAFIM publié. Photo : Les sorties de consultation des pages consultées fournissent du texte sans URL d’image éditeur pleine résolution vérifiable ; aucune image retenue. | K83: =IF(J83="",0,LEN(J83)-LEN(SUBSTITUTE(J83,";",""))+1) -> 0 | N83: =IF(M83="",0,1/COUNTIF($M$3:$M$125,M83)) -> 0 | P83: BOBINE ELECTROVANNE ASCO 24 V CC 11,6 W ISOLATION CLASSE F | Q83: BOBINE ELECTROVANNE 238710-006-D DIAMETRE INTERIEUR 14 MM HAUTEUR 39 MM DC24V
